split	item_id	media_path	score	rationale
practice	101	/mnt/Manual/Practice/101S.gif	7D+9D+17B	In the lower face, the slight wrinkling on the chin boss, the trace of lower lip pushed up, the trace of chin boss pushed up with the slight increase of depression under the lower lip indicates AU 17 at the B intensity (a reasonable argument for A can be made if you think the wrinkling is trace). The severe to extreme wrinkling of the nose with the sharply angled pouching above the nostril wing is characteristic of AU 9. The infraorbital triangle near the nose is raised severely pushing the skin up to form the wrinkles and increasing evidence of the nasolabial furrow and raising the lip slightly, establishing the D intensity. AU 9 produces some of the same appearance changes as AU 7 because the pushing up of the skin of the cheeks also pushes up the skin of the lower eyelid, but here the skin of the lower eyelid is changed beyond what the 9 can do. The narrowing of the eye is severe on the left to extreme on the right and both the upper and lower lid are drawn together, which is apparent at both inner and outer corners. The raising and straightening of the lower eyelid are extreme, and the bagging, wrinkling and pouching of the lower eyelid is pronounced and extends laterally beyond the area affected by 9, evidence for the D intensity. The eyebrows are lowered slightly, but this is not sufficient evidence to score 4 with 9 because 9 can produce these appearances (check 4 with 9 in the Reference for AU 4).
practice	102	/mnt/Manual/Practice/102S.gif	1D+2D+5C / 1D+2D+5C+25C+26D	In the upper face, the horizontal wrinkles across the entire forehead are a sure sign of 1+2, so the AU combination 1+2 description is used to provide the intensity scoring criteria. The brow raising, wrinkling, and eye cover fold exposure is severe to extreme, indicating a D intensity. Even though the hair, especially on the right, hides the lateral aspects of the forehead, the raise of the entire brow can be inferred from the wrinkles and is evident from the visible exposure of the upper eye cover, and there is no reason to use an “not visible” score. The raising of the upper eyelid shows slightly more sclera above the iris than a hairline, indicating a C intensity for an iris partially covered in neutral. In the lower face, the jaw is lowered severely to about the extent that would be pro- duced if the jaw closing muscle relaxed, and in a still photo the only reasonable score for this lowering is 26, and as the opening is a little less than a finger, i.e., a little less than the most lowering that relaxing alone might produce, the D intensity is assigned. The separation of the lips is about what you would expect with this jaw drop, so C level is assigned as the intensity. You can see the tongue, but it is not sticking out, so 19 is not scored. 42
practice	103	/mnt/Manual/Practice/103S.gif	D+6C+7D+chin / D+16A+25D	face, there are slight wrinkles on either side of the chin boss and below the nd slight evidence that the skin on either side of the chin boss is pulled erally, and the lip is pulled down slightly to markedly so that the gum can een the lower teeth, but the entire tooth and gum line is not exposed. indicate 16, at the A intensity in a still image. The upper lip is pulled up ch as seems possible, so that the 25 lip parting due to combined upper and vement is at the D intensity, given that the jaw is not dropped. The severe ng, the severe pulling up of the medial infraorbital triangle pushing skin up the pointed pouching above the nostril wing indicate 9 at the D intensity. vidence of AU 10, and although an argument might be made here for 10 deepening of the lower part of the nasolabial furrow and the angular shape lip, these changes can be explained by the 6 (scored below) with the 9, and motion to see 10 separately from 9, this evidence is insufficient for 10. face, the eyebrows are pulled down extremely to maximally, which might 9, but there are shallow vertical waves of skin running from the middle of medially, a sure sign of AU 4, together with the bunching of skin in the d the eyebrows are also pulled together severely to extremely, indicating a D he raise of the outer part of the infraorbital triangle is pronounced, the outer he eyebrows are pulled down, and there is marked wrinkling and gathering corners of the eye, indicating the 6C. The straightening of the lower eyelid ed to severe narrowing of the eye opening is more than 6 and 9 can pro- th the severe bagging in the lower lid indicate a D intensity of 7.
practice	104	/mnt/Manual/Practice/104S.gif	7B+10C+17D / 17D	face, the severe wrinkling and raising of the chin boss, pushing up the lip, . The upper lip is pulled up markedly, the infraorbital triangle raise is pro- the nasolabial furrow is deepened to a characteristic 10 shape (particu- nt on the left), widening and raising the nostril wings, indicating a 10C. nose wrinkling and the pouching of the nasolabial furrow is out in the above the nostril wing, so evidence of AU 9 is lacking. (After reading ne might argue the straight shape of nasolabial furrow on the right and its the middle more than the top indicate AU 11 on the right, but the pouch- op of the triangle and lift of the lip and nasal wing indicate 10 is present as the R11 a difficult, but not incorrect, call.) face, the eyebrows are slightly lowered, both in the middle and inner cor- lled together a trace, with slightly more vertical wrinkling and skin gather- labella, indicating a 4B. The eye opening is slightly narrower, more than can d to the 4, and there is a trace to slightly more wrinkling bagging, and bulg- ower lid, indicating a 7B.
practice	105	/mnt/Manual/Practice/105S.gif	C+9D+17D	face, the severe wrinkling in the chin and extreme pushing up of the chin indicate a 17D. The upper lip, medial part of the infraorbital triangle, and s are pulled up severely, and the sharply angled pouching above the nostril e extreme nose wrinkling indicate a 9D. face, the eyebrows are markedly, or more, pulled down, due to 9, but d together, so evidence for 4 with the 9 is lacking. The eye opening is rower, and the straightening and the marked wrinkling of the lower eyelid ond the effect of the 9, and indicate a 7C. 43
practice	106	/mnt/Manual/Practice/106S.gif	4D+9D+7C+25C	The lower face clearly shows parted lips, but it is not possible to decide for certain whether there is a trace of a jaw drop or not, no matter how closely one looks, and therefore, 26 is not scored. Thus, the 25 is scored with reference to a closed jaw, and the marked to pronounced difference from the 25B criteria puts its intensity at C. The severe raising of the medial part of the infraorbital triangle, the deepened nasolabial furrow and severe pulling of skin up the nose, creating a pouch above the nostril wings and severe to extreme nose wrinkling, indicate 9 at a D intensity. In the upper face, the pulling down of the eyebrows is pronounced to severe, but also, the eyebrows are pulled together severely, allowing AU 4 at the D intensity to be scored with 9. The eye opening is narrowed to a pronounced degree and together with the pronounced straightening and wrinkling of the lower eyelid, beyond what 9 and 4 could do, indicate a 7 at the C intensity.
practice	107	/mnt/Manual/Practice/107S.gif	1C+2C+5C+25C+26C	The lower face only shows a dropped jaw, which is roughly midway between teeth together and the most drop by relaxing possible and would barely allow the tip of the tongue through, and lips separated no more than what the jaw drop might allow, indi- cating a score of 25C+26C. In the upper face, the lifting of the entire eyebrow and horizontal wrinkling across the entire forehead indicate the 1+2 combination, and the intensity guidelines for this com- bination indicate the pronounced raising and exposure of the upper eyelid and cover fold should be scored at the C intensity. The lifting of the upper eyelid reveals the par- tially covered iris in neutral now showing entirely with slightly more than a hairline of sclera, indicating a C intensity.
practice	108	/mnt/Manual/Practice/108S.gif	7C+9C+17A+25D+26A	The lower face shows a trace of the chin boss pushed up and trace wrinkling on the chin boss, indicating a 17A. The pulling up of the upper lip is pronounced, the nasola- bial furrow is deepened and skin is pulled up on the nose to produce a sharp pouch above the nostril wings and pronounced nose wrinkling, indicating a 9C. The jaw is dropped slightly, as is clear from the gap between the teeth on the left from the canine backwards, indicating a 26A. As the jaw is dropped, the intensity of 25 is based on how much different the lip separation is from what the 26 alone would produce. A 26A does not produce much of a lip separation, but the lips are markedly or pronouncedly more parted than that, so 25D is assigned. Some trace anomalous stretching or skin bulging on the right side of the chin might be cited as evidence of 15, 16, or 20, but even the lighting might produce this illusion, so, conservatively, nothing is scored to account for such ambiguous signs. In the upper face, the narrowing of the eye opening is pronounced and wrinkling and straightening is slight to marked, more that the 9 can account for, indicating a 7C. Someone might consider 43 alone as an explanation of the decreased eye opening, but this score wold not account for the lower eyelid straightening, raising, and wrinkling. The inner corners of the eyebrows are slightly to markedly pulled down, but not pulled together, so evidence of AU 4 with 9 is not present. Score 43B to track degree of eye opening.
practice	109	/mnt/Manual/Practice/109S.gif	1C+2D+5B+25C+26B	In the lower face, the jaw is dropped markedly, at most, and the lips are parted no more than a trace of what might be expected from this jaw drop, indicating scores of 25C+26B. In the upper face, the horizontal wrinkling across the entire forehead and the raise of the entire brow indicate the presence of 1+2, and the intensity criteria for this combina- tion indicate the slight to severe raise of the eyebrows and exposure of the eye cover fold, with the left outer corner showing the greatest changes, should be scored at the 1C and 2D intensities. The eyelids, which partially cover the iris in neutral, are raised suf- ficiently to expose virtually the entire iris, especially on the left (the eyes are somewhat turned off-center). Thus, the intensity score for this 5 is B. 44
practice	110	/mnt/Manual/Practice/110S.gif	6D+7C / 6D+7C+nasolabial / E+25D+26B / 26B	face, the severe crow’s feet wrinkling, particularly at the outer corner of above, together with the extreme raising of the infraorbital triangle clearly 6D. The eye opening is markedly narrowed, but more telling is that the is straightened and pulled far up on the eyeball and medially, creating ng of the lower eyelid. These appearances are much beyond what 6 would d if you look at the inner corner of either eye, where the action of AU 7 is dent of 6, you can see the eyelids pulled together with a 7C. Score 43B to of eye closure. face, extreme lifting upwards and laterally of the lip corners and lower urrow, with the extreme infraorbital triangle raise indicate 12 at the E inten- w is dropped markedly, barely enough spacing for the tip of the tongue, indi- nd the lip separation is markedly more than would be produced by the jaw sufficient for 25D. One might argue that the shape of the nasolabial furrow ing of the upper lip indicates the presence of AU 10, but 12 can produce ances and the nasolabial furrow, though deepened, is not much different in eutral. The clincher is that the upper lip does not have the angular shape 10 that is required to score 10 with 12.
practice	111	/mnt/Manual/Practice/111S.gif	C+2C+5E+sonable / 25C+26D	face, the jaw is dropped severely by 26 (without motion, 26 is the only rea- e for this extent of drop), enough for the tongue to fit through, or the D nd the lips are parted no more than a trace from what this jaw drop might 25C is scored. face, the horizontal winkling across the entire forehead and lifting of the ts entirety indicates the 1+2 combination, and the criteria for it indicate ked raise of the eyebrows, the pronounced increase in forehead wrinkles, ounced increase in exposure of the eye cover fold (vastly changing the skin therein) is C intensity. The maximum lifting of the upper eyelid, s a maximum amount of sclera, is an obvious 5E. You might consider scor- se the lower lid is raised a trace, showing a trace of increased bulging, but s are due to the strong 5, pulling and stretching a passive lower lid on the ch shows the same contour on the eyeball in neutral, but with loose skin.
practice	112	/mnt/Manual/Practice/112S.gif	C+7C+12D+angle / 25D+26B	face, the severe upward, oblique lifting of the lip corners, infraorbital tri- iddle to lower nasolabial furrow indicates AU 12 at the D intensity. The ed markedly, or the B intensity, and the parting of the lips is pronouncedly this jaw drop would produce alone, the D intensity, due to raising the face, marked crow’s feet wrinkles are apparent at the outer corner of the d even though the hair obscures the lateral extent of these wrinkles and any the right side, the slight raising of the infraorbital triangle on both sides son to think 6 is not present on both sides at the C intensity. Marked wrin- ghtening, and bulging of the lower eyelid and marked narrowing of the eye especially the drawing together of the lids and skin at the inner corners e C intensity of AU 7. Score 43A if you are tracking degree of eye closure.
practice	113	/mnt/Manual/Practice/113S.gif	4C+7B+L11B	face, the slight deepening of the middle part of the nasolabial furrow, the ting of the skin in the middle part of the infraorbital triangle, and the trace of he middle of the left lip indicate AU 11 at the B intensity. Check the subtle if you think this appearance is due to 10. face, the eyebrows at their inner corners are raised, evident from the hori- ling in the center of the forehead, and drawn together, evident from their e vertical wrinkling in the glabella, and the rippling of skin above the eye- cularly the left. The slight raising of inner eyebrows and slight wrinkling 1 at the B intensity. The revised criteria for AU 4 in 1+4 are used to score ed drawing together and marked vertical wrinkling in the glabella as 4C. the characteristic triangular shape of the skin above the eye cover fold. The wing of the eye opening, the slight bagging and wrinkling of the lower eye- trace of straightening particularly on the right indicate an AU 7 at the B core 43A to track degree of eye closure. 45
practice	114	/mnt/Manual/Practice/114S.gif	1D+2D+5D+12B+25D+26C	In the lower face, the jaw is dropped about half the extent to which it can relax open, or the C intensity of AU 26.The upper lip is raised slightly, making the lip parting slightly more than produced by the jaw drop, or the D intensity. The middle and lower nasola- bial furrow is deepened and raised slightly, raising the infraorbital triangle slightly, and the lip corners are stretched laterally and obliquely slightly indicating AU 12 at the B intensity. In the upper face, the severe horizontal wrinkles across the entire forehead, the severe raising of the eyebrows, and the severe exposure of the eye cover fold indicate AU combination 1+2 at the D intensity. The raising of the upper eyelid is extreme and the exposure of sclera above the iris is severe, indicating the presence of AU 5D. There is a trace of bulging in the lower eyelid, easily produced by the extreme 5 pulling the outer corner up.
practice	115	/mnt/Manual/Practice/115S.gif	R2B+5E+R11A+25B	The lower face shows lip parting that is slightly greater than the criteria for 25B, not enough to change this intensity score. One might search for possible AUs that could produce this separation, but without movement, the small actions that might be respon- sible are difficult to detect. However, the upper right lip is raised a trace midway between the philtrum and lip corner, and the nasolabial furrow on the right has deep- ened a trace in its middle part, enough to score R11 at the A intensity. In the upper face, the outer corner of the right eyebrow is raised slightly and slight increases in the depth of wrinkles above it appear and there is a slight increase in the exposure of the skin under the eyebrow as the skin in the eye cover fold is stretched upwards, indicating 2B. The upper lid is raised to the maximum range by AU 5E. Again, as in item 111, you might consider scoring an AU 7 based on the trace evi- dence, but these changes are due to the strong 5’s effect on this person’s specific phys- iognomic features, which simply stretches the skin around the eyeball already shaped in neutral. If you are scoring 7A on this person in these items, it is not a serious mis- take.
practice	116	/mnt/Manual/Practice/116S.gif	12C	In the lower face, a marked to pronounced deepening and lateral stretching of the lower and middle nasolabial furrow, marked raising of the infraorbital triangle, and marked oblique lifting of the lip corners indicate AU 12 at the C intensity. In the upper face, trace lifting of the lower eyelid and a trace of increase in the wrin- kling of the lower eyelid, at least on the right, can easily be produced by the 12C push- ing up skin in the infraorbital triangle, so 7 is not needed to account for this level of change. (With a 12A, this change could easily be evidence for 7A with 12A.) Notice that most of these traces of wrinkles are in the infraorbital furrow area, not in the lid itself, another indication of 12’s effect, not 7. There are no signs of the crow’s feet wrinkling that can be seen in image 112. 46
practice	117	/mnt/Manual/Practice/117S.gif	4C+6C+7C / b+4C+6C+7C+cating / B+L20B+25C / 11B	face, the raising and drawing together of the brows, evident in the horizon- in the center of the forehead, and the vertical wrinkling in the glabella, ing of skin above the eyebrows, indicate AU combination 1+4. The g of the inner eyebrows and pronounced horizontal wrinkling indicate intensity. The revised criteria for AU 4 in 1+4 are used to score the pro- ng together and marked vertical wrinkling in the glabella as 4C. Notice acteristic triangular shape of the skin above the eye cover fold, which is he raise of the inner corner of the eyebrow by 1 while its center is pulled e marked crow’s feet wrinkling and marked or pronounced infraorbital e indicates AU 6 at the C intensity. The slight straightening and pro- ling and bagging of the lower eyelids and the slight narrowing of the eye eyond what AU 6 produces and indicate AU 7 at the C intensity. face, the lip separation is markedly greater than the criteria for 25C, indi- intensity score. (Evidence of a jaw drop is lacking, and at best, inconclu- should be other AUs that account for this lip separation. This condition is ause the pronounced increase in the middle part of the nasolabial furrow s much more than the 6C might produce, and together with the slight raising pper lip midway between philtrum and corner provides sufficient evidence nd as the nasolabial furrow has deepened markedly on the right also, 11 aterally (though the changes on the right might be ascribed to 6). The left stretched laterally slightly, elongating the left side of the mouth slightly, attening of the cheek and slight wrinkling from pulling of the lower nasola- aterally beyond the lip corner indicates L20B.
practice	118	/mnt/Manual/Practice/118S.gif	7C+12D+deepening / 25D+26B / 12	e is dominated by the mouth corners pulled obliquely upwards extremely, pulling the nasolabial furrow upwards and laterally severely. The triangle is raised severely. This evidence is sufficient to score 12D. The jaw ightly for 26B, and the 12 has parted the lips markedly beyond what the produced, for 25D. pushed the skin of the cheeks up into the infraorbital area, deepening tal furrow, and forming bags below the eyes, but AU 7 is also acting to ow the eye opening and pull the lower lid up, straightening and wrinkling score 7C. The infraorbital triangle raise caused by 12 hides this sign of hough there is a crow’s toe at the outer corner of each eye, this wrinkling uted to AU 7, and there is no further sign of 6. AU 6 is not needed to ppearance changes, so it is not scored. Score 43A to track eye closure.
practice	119	/mnt/Manual/Practice/119S.gif	C+4B+43B / C+4B+11C+combination / B+17A+43B / 15	face, the marked horizontal wrinkling in the center of the forehead indi- the C intensity, and the slight pulling together and gathering of the skin la indicate AU 4. Notice the wave of skin above the left eyebrow caused ng its center medially and slightly lowering it, helping form part of the c omega shape of 1+4 and triangulating the skin above the upper eyelid. nces are also on the right, but only a trace. Using the criteria for 4 in +4, the intensity of 4 is B. The eyes are markedly narrowed, more than gaze causes, so score 43B. face, the deepening of the middle part of the nasolabial furrow (marked on ce on the right), the trace of skin stretching in the middle of the upper lip, of infraorbital triangle raise on the left indicate an asymmetrical AU 11C. rs are pulled down markedly, causing slight bulging under the lip corners, at the C intensity. The trace evidence of the chin boss being pushed up s of wrinkling, especially at the bottom of the chin indicate a 17A. 47
practice	120	/mnt/Manual/Practice/120S.gif	1B+2B+5D+12A+25C+26C	The jaw is dropped about midway to the position that a most relaxed jaw could lower it, or the C intensity. The lips are separated no more than a trace of what the jaw drop alone might produce, or the C intensity. The lip corners are pulled a trace obliquely upwards, and the bottom of the nasolabial furrow has deepened and extended a trace. If you missed this 12A, compare the permanently downturned lip corners in neutral to their position here; moreover, notice the overall difference in the shape of the mouth and the effect it produces. The slight raise of the entire eyebrow and the slight increase in wrinkling across the entire forehead indicate AU combination 1+2, with both AUs at the B intensity. The upper eyelid is raised extremely, exposing an extreme amount of sclera, sufficient for 5D (for an intensity comparison, see the maximum in 111 and 115; it is somewhat less here). As in the previous items 111 and 115, AU 7 is not scored on the same basis.
practice	121	/mnt/Manual/Practice/121S.gif	6D+7D+12E+25C	The mouth area shows maximum upward and lateral stretching of the lip corners pro- ducing maximum deepening and lifting of the lower to middle nasolabial furrow and extreme infraorbital triangle raise, indicating AU 12E. The 12 has lifted the upper lip quite high, but the lower lip has not been lowered, so 25 is scored at the C intensity. In the upper face, AU 6 is evident, even though whatever infraorbital triangle raise it may be producing is masked by the strong action of 12, in the severe to extreme crow’s feet wrinkling and lowering of the outer corners of the eyebrows. Even though AU 12 at this intensity produces the crow’s feet wrinkles below the outer eye corner and on the lateral part of the cheeks, it does not produce the crow’s feet wrinkles that are evi- dent above the eye corners, or pull them down. AU 6 is scored at the D intensity on this basis. Although AU 6 can account for the pushing up of the lower lid, deepening of the infraorbital furrow and some lower eyelid wrinkling, it is not pushing it up on the eye- ball as much as is manifest, straightening it this much; nor will it pull the upper lid down, narrowing the eye opening severely. In particular, look at how the inner corners of the eyelid have come together as skin is gathered in this area, not something AU 6 does. AU 7 accounts for these appearances and is scored at the D intensity.
practice	122	/mnt/Manual/Practice/122S.gif	L6B / L6B+14B	In the upper face, the nasolabial furrow has increased slightly on the left, the infraor- bital triangle is slightly raised on the left, and the crow’s feet wrinkles have deepened slightly on the left, sufficient evidence to score L6B. In the lower face, the left lip corner is tightened slightly and the right corner is tight- ened a trace (compare with the neutral). There is slight evidence of bulging at the left lip corner and there is a trace of a depression or dimple beyond the left lip corner, evi- dence for scoring 14. This slight action of 14 has a resemblance to AU 12, especially when the action is trace, as here on the right. Consult the subtle differences if you con- fuse the two. 48
practice	123	/mnt/Manual/Practice/123S.gif	4B+5C / 4+5 / lift+5C+11B+15A / 15A	face, the eyebrows are pulled together and down slightly, forming slight nkles in the glabella and above the middle of the eyebrow medially, suffi- re 4B. The upper eyelid is raised, and using the criteria for 5 in AU combi- the pronounced harsh staring quality, the top of the iris revealed slightly the neutral, and the evidence of pushed up skin in the eye cover fold is o score 5C. face, a difficult discrimination is required to account for the slight deepen- ing of the nasolabial fold and the slight stretching and upward pulling of the of the upper lip. AU 11 is the better score than AU 10 because the charac- ching of 10 is absent and the nasolabial furrow is straight on the left and ed in shape from neutral on the right. It is the middle of the nasolabial fur- most affected, less in the upper end, which 10 affects as well. The evidence t to score 11B. Scoring 10 instead of 11 it is not a serious confusion because fficult call. Although the inverted U shape of the lips is present in neutral and hat enhanced by the raise of 11, there is also a trace of pulling down of ers, especially the left, lengthening of the very bottom of the nasolabial fur- race of increased wrinkling below the lip corners, enough evidence to score have considered scoring 17, but the wrinkles on the chin boss have not neutral and the chin boss is not raised, ruling 17 out.
practice	124	/mnt/Manual/Practice/124S.gif	9C+17C	s is pushed up markedly, the lower lip is pushed out, and wrinkling above chin boss is marked, sufficient evidence to score 17C. The pronounced ng, marked infraorbital triangle raise and nasolabial furrow deepening, he upper lip, and marked pulling of skin onto the nose indicate AU 9 at the C hough the inverted U shape increases, there is no evidence of lip corners down, so 15 is not scored. face, the increased wrinkling below the lower eye lid can be attributed to up skin in the cheeks, but there is no straightening of the lower eyelid, p on the eyeball or increased wrinkling on palprebral part of the lid at all, so scored. This item is a good example of not needing 7 to account for uced by 9.
practice	125	/mnt/Manual/Practice/125S.gif	C+2B+4B+zontal / 5E+7A / C+2B+4B+of / 5E+7A+gle / L11C / L11C+25B	er and outer ends of the eyebrows are raised slightly to markedly, and hori- ling has increased slightly above the outer corners and markedly above the s, indicating the presence of AUs 1 and 2. The inner corners of the eye- awn together slightly, with slight wrinkling and bulging in the glabella, er of the eyebrow is lowered by AU 4 in respect to the ends, straightening . Notice the medial directed vertical skin bulging above the eyebrows. y criteria for AU combination 1+2+4 indicate 1 at the C intensity, 2 at the B d 4 at the B intensity. The upper eyelid is raised to the maximum range, with imum sclera showing, indicating a 5E. The wrinkling in the lower eyelid d a trace, and the lower eyelid is raised a trace, sufficient for AU 7 at the A face, the lips are parted to about 2 mm, the B intensity of 25. The middle abial furrow on the left is deepened markedly, moving the infraorbital trian- , and the left half of the upper lip is lifted at its midpoint markedly, indicat- 49
practice	126	/mnt/Manual/Practice/126S.gif	4D+7B+L10B+11C+16D+25E+26A	The jaw is lowered only slightly, with the front teeth still overlapping each other, a 26A.The lower lip is pulled down extremely, showing the gum below the lower teeth. The skin of the lower lip and the chin boss is pulled down and laterally extremely, suf- ficient evidence for 16D. The upper lip is raised severely, which together with the low- ering of the lower lip, produces lip parting extremely beyond that which the jaw drop might produce, or 25E. The nasolabial furrow has deepened markedly, in the middle on the right, but in the upper and middle on the left, and is pulled obliquely upwards slightly. The left nasolabial furrow has a characteristic 10 pouch at the top, but this appearance is not on the right. The lip is pulled upwards more on the left. This evi- dence indicates AU 10 at the B intensity on the left. Evidence of 11 is present on both sides, even though 10 might account for some of it on the left, and the evidence is suf- ficient to score 11C. In the upper face, the eyebrows are severely pulled together and lowered and pro- nounced vertical wrinkles appear in the glabella, sufficient to score 4D. The lower eye- lid is slightly pulled up and straightened, reducing the eye opening slightly. Slight bagging and wrinkling appear on the lower lid, enough to score 7B. If you think the gaze is harsh, it is because the 4 has pulled the brow lower onto the upper eyelid, not because of AU 5, and if you cover the eyebrows, this quality is much reduced, as there is no lifting of the upper eyelid, which can be seen at the inner corners of the eyes.
practice	127	/mnt/Manual/Practice/127S.gif	6B+7B+12C	The pronounced obliquely upward stretching of the lip corners and deepening and rais- ing of the lower to middle part of the nasolabial furrow, the pronounced raising of the infraorbital triangle, and other marked to pronounced characteristic signs of AU 12 indicate the C intensity. The lips are thinned, but this narrowing is due to 12, not 24, for which there is no other evidence. In the upper face, the AU 12 is pushing skin into the upper lateral corner of the infraor- bital triangle to create and deepen the lower crow’s feet wrinkles, but additional marked crow’s feet wrinkles develop at the eye corners and above, and the eye opening is markedly narrowed, indicating AU 6 at the B intensity, using guidelines for 6 with 12. Additionally, the upper eyelid is pulled down, and the lower eyelid is pulled up, straightened, and wrinkled slightly, and beyond what the low intensity 6 might do, indi- cating AU 7 at the B intensity.
practice	128	/mnt/Manual/Practice/128S.gif	4D+5E / 4D+5E+23C	In the upper face, the lowering of the eyebrows is severe and the pulling together is pronounced, with marked vertical wrinkles above and at the inner corners of the eye- brows, indicating AU 4 at the D (barely) intensity. The lifting of the upper eyelid reveals markedly more sclera than a bare hairline, and using the criteria for 5 in combi- nation 4+5, indicates a 5E. In the lower face, a difficult discrimination is needed to account for the changes in the lips, which are narrowed and tightened slightly or markedly, showing markedly less red part. Short, marked vertical wrinkling appears across the entire upper lip at the margin of the red part, with traces of bulging above the upper and below the lower lip. The upper lip appears to be pulled inwards. These signs favor scoring AU 23 at the C inten- sity over the alternative score of 24, which might better describe the lower lip, but 24 cannot be scored in one lip. There is more lip tightening than pressing. Although the top lip is most affected, trace signs in the lower lip preclude scoring T23.
practice	129	/mnt/Manual/Practice/129S.gif	4E+5B+24D / to+2D+5B+wrinkles / 5C+26C / 5B / 26 / 1B+4B / 15 / 23 / 24 / D+7B+the / together+17E+24D / 24D / 4D / a+4C+7A / 1C / f+4C+7A	The severe pressing together of the lips producing an extreme narrowing and marked bulging below the lower lip indicate AU 24 at the D intensity. This example is very good for contrasting AU 24 with 23, as to get this much narrowing with 23 would pro- duce a great deal of short vertical wrinkles at the lip margins, and there would be much more turning in of the lips rather than the pressing that is apparent here. The brow pulling together and lowering is in the maximum range, indicating 4E. All the other signs of 4 are quite obvious. The eyes have a harsh, staring quality, and look- ing at the inner corner of the upper eyelid, you can see that the upper eyelid is raised and is pushing on the skin of the eye cover fold. About the same amount of the top of the iris is revealed as in neutral, indicating 5B using criteria for 5 in 4+5. Bulging and other changes below the lower lip due to 24 are not to be confused with signs of 17. 50 extreme raising of the entire brow and formation of extreme horizontal s the entire forehead, and the extreme exposure of the eye cover fold and AU combination 1+2, and using the criteria for this combination, the D ssigned. The upper eyelid is raised to expose virtually the entire iris, indi- ered to a position about midway to that which the most relaxation might C, and the lips part no more than a trace different from what the jaw ght produce, or 25C. ace, the slight drawing together of the eyebrows with the slight bulging in the glabella and rippling above the inner half of each eyebrow, and the g of the center of each eyebrow indicate AU 4B. The slight raising of the of the eyebrows, which together with the lowering of their centers pro- quely slanted eyebrow shape of AU combination 1+4, with the slight nkles in the center of the forehead indicate AU 1 at the B intensity. ace, there is no score, even though you may have an impression of AUs Probably, none of these are present, and the misleading impression 1+4. Cover the brows and eyes in this item and compare the lower face o see that too little has changed for assigning a score with certainty. shing up and wrinkling of the chin boss and the severe pushing up of are clear signs of AU 17, with a E intensity. AU 17 thins and presses the and can create misleading signs of AU 24, but here, signs of the upper lip against the upward push of 17 are extreme, and extreme bulging below reflects this opposition between the lips. The extreme pressing indicates is less descriptive of the appearance changes in the lips because there ng than tightening, and the lips are pitted against each other, not turned light nose wrinkling, the sharp pouching above the nostril wings, the of the medial infraorbital triangle, deepening of the nasolabial furrow the pushing of skin onto the nose indicate AU 9C. ace, the eyebrows are lowered extremely and drawn together severely, to severe vertical wrinkles and bulging in the glabella, indicating AU eyelids are straightened and wrinkled slightly and the eye opening is e lower lid is pulled up onto the eyeball, much more than the relatively roduce, indicating 7B. There is a harsh staring quality to the eyes, but guidelines for 5 in 4+5 require at least as much of the iris to show as in B, but less shows here, and the staring quality might come from the 4+7, preferred score, but if you scored 5A, no one should say you are wrong. re slightly lowered in their centers and markedly pulled together, form- tical wrinkles in the glabella and vertical waves of skin above the center inwards, indicating 4C. The inner corners of the eyebrows are lifted arked horizontal wrinkles appear in the center of the forehead, indicat- aracteristic omega shape of the 1+4 begins to emerge. The eye opening rrowed, perhaps because of the AU 4, but the lower lid is raised a trace re wrinkling, especially in the left lower eyelid, and a trace more bulg- y in the right lower eyelid appear, sufficient to score 7A. ace, there is an impression of some change, but there is so little evidence c AU that no score is assigned. The minor head tilt might have changed f features to highlight the infraorbital triangle on the left; the trace of the left eye could be due to the 7. This item illustrates the case where eferred. 51
practice	134	/mnt/Manual/Practice/134S.gif	4D+5D+7C+23C+24C	The lower face presents another very difficult discrimination, especially in the absence of motion, between 23 and 24 to account for the changes in the lips. The narrowing of the lips is pronounced, and the pressing together is at least marked, but tightening and inward movement are also marked, particularly in the upper lip. The slight wrinkling and bulging are ambiguous in regard to resolving the decision. The subtle differences entry for this comparison says that if signs of both AUs are present at least at the B intensity, score both, or if it appears that one AU accounts for the changes, but you can- not decide which, score the 23. In this case, both are scored at the C intensity, but scor- ing only the 23 is equally reasonable. The eyebrows are lowered and drawn together severely, forming severe vertical wrin- kles in the glabella and vertical skin ripples above the eyebrows, especially the right, sufficient to score 4D. The upper eyelids are lifted to reveal at least markedly more iris than in neutral, despite the 4, and if the skin were not blocking view of the top iris, we extrapolate from what can be seen that at least some sclera above the iris could be seen, sufficient to score 5D. The lower eyelids are drawn up on to the eyelids and straight- ened markedly, and slightly more wrinkling and marked bulging appear, sufficient to score 7C.
practice	135	/mnt/Manual/Practice/135S.gif	4C+5D+7A+23A+38A	The lips are markedly narrowed and slightly tightened, with trace wrinkling and bulg- ing on the margins of the lips, indicating 23A (see the criteria for 23B without motion). The lips do not appear to be pressed, so 24 is not a good alternative to 23. The marked evidence of nostril flaring is sufficient in a still image for 38A, an action that you will learn about in Chapter 8, so missing this AU here is not an error now. The lowering of the brow is pronounced and the drawing together is slight, producing slight vertical wrinkles in the glabella and ripples of skin above the eyebrows, indicat- ing AU 4C. The upper eyelid is raised to reveal much more of the iris than in neutral, and from what can be see, one can easily extrapolate that some sclera is below the lid, particularly in the left eye, indicating 5D. As in items 111, 115, and 120, the trace of evidence for AU 7 is not scored as 7A, on the same basis, even though there is more evidence here, especially in the narrowing of the angle of the eyelids at the tear duct, which creates more of a bump in the curve of the lower eyelid where it meets the sclera. It is still not certain. Item 110 shows the effect of 7 on this person.
practice	136	/mnt/Manual/Practice/136S.gif	6B+7C+12D+25C / 4D / 4D+furrow / B+23D+ners / 5C+29C / 20 / 26 / 25B / rais+2C+5E / 5E / 2C+5E+The / L12A / D+7C / D+7C+The / B+17D+17+23 / 24 / 3E+38E	The extreme lateral and slightly upward stretch of the lip corners, the severe deepening and raising of the nasolabial furrow and the extreme infraorbital triangle raise are obvi- ous signs of AU 12 at the D intensity. Certainty cannot be attached to any impression of a jaw drop, so with the lips parted slightly more than the criteria for the B intensity of 25, 25C is scored. The narrowing of the lips can easily be attributed to the stretching of 12, and should not suggest 23. In the upper face, the relatively large action of AU 12 has produced the crow’s feet wrinkles on the lateral side of the cheek below the eye, but AU 6 has produced the slight crow’s feet at the eye corners and above, the outer eyebrows are lowered slightly, and the eye opening is narrowed markedly, sufficient to score AU 6B. The lower eye- lids have raised and straightened on the eyeball more than 6 at this level can cause, and wrinkling and bagging is marked, indicating 7C. 52 ce, the eyebrows are drawn together and lowered extremely, forming and bulging characteristic of AU 4 in the glabella and above the inner eyebrow, sufficient to score 4D. The eyes have little or no staring qual- is shows than in neutral, eliminating 5 from consideration. ce, extreme tightening and turning inwards of the lips, and pronounced nkling at the margins of the lips indicates 23D. Where as 23 would usu- e the lips, these lips are stretched slightly laterally, the lower nasolabial d slightly laterally, there is slight flattening of the cheeks at the lip cor- d evidence the lower lip and chin boss skin is stretched lateral, indicat- intensity. The lower teeth are in front of the upper teeth, apparent xamining the gaps more laterally, but did the teeth move there or is this sition? AU 29 should be scored because previous items (e.g., 106) show s not her standard bite. Since the teeth are together at the moment of the t scored. Thus, the marked difference of the lip parting from the criteria es the C intensity for 25. ing of the entire brow and formation of pronounced horizontal wrin- entire forehead, and the marked exposure of the eye cover fold and skin mbination 1+2, and using the criteria for this combination, the C inten- d. The upper eyelid is raised to expose the maximum range of sclera, indi- has changed very little from neutral, but the left lip corner is raised a ace wrinkle at the left lip corner has formed, sufficient to score L12A. ce, the eyebrows are lowered and drawn together severely, forming ristic vertical wrinkling of AU 4 in the glabella and above the eye- nt for the D intensity. The lower eyelids are drawn up onto the eyeball d severely, and the eye opening is narrowed markedly, with pronounced agging, indicating AU 7C. Evidence for AU 6 is lacking; there are no the infraorbital triangle is not raised. Less iris shows than in neutral, 5. ce, the maximum wrinkling and extreme pushing up of the chin boss and chin boss, and the severe pushing up of the lower lip indicate AU 17D. of the lower lip is counteracted by the maximally tightened lips, nar- d inwards maximally, meeting the criteria for 23E in AU combination not as good a score for the lip appearance changes because there is and tightening than pressing (see 17+23 vs. 17+24 comparisons). One t 23+24 is a reasonable score, based on the pressing that can be inferred. tening and pulling inwards of the lip corners and the slight wrinkling w the lip corners indicates 14B. The deepening of the middle part of furrow suggests AU 11, but there is no other evidence of 11, such as ing of the lip between the philtrum and the corner, oblique movement of rrow, or raising of the infraorbital triangle, and the change in the ow could be due to other actions present, so 11 is not scored. The nos- d maximally for 38E. 53
practice	140	/mnt/Manual/Practice/140S.gif	4E+7B / 4E+7B+17D+24D+38D	The eyebrows are lowered extremely and drawn together maximally, forming extreme to maximum vertical wrinkling in the glabella, sufficient to score 4E. The lower eyelid is raised slightly up on the eyeball, and there is slight bulging and a trace more wrin- kling in the lower eyelid, and the eye opening is narrowed slightly, sufficient to score 7B. A harsh staring quality and sufficient revealing of iris are lacking to score AU 5. In the lower face, the severe pushing up and wrinkling of the chin boss and the pushing up of the lips indicate AU 17D. The pushing up of the lips by 17 is checked by the severe lip pressing, which creates severe bulging above and below the lips and severe lip narrowing, indicating 24D. There is much more bulging and pressing in the lips than tightening and turning inwards, so AU 23 is not as good a score for the lips. The nostrils are extremely flared, sufficient to score 38D. If you failed to score it, perhaps you skipped the omission check.
practice	141	/mnt/Manual/Practice/141S.gif	1B+2B+4C+5B / 1B+2B+4C+5B+20A+25C+26C+38A	In the upper face, the eyebrows are pulled together markedly and the lowering of the center of the eyebrows is pronounced, creating the vertical waves of skin above the centers of the eyebrows and skin bunching in the glabella, indicating AU 4. The inner corners of the eyebrows are raised slightly and slight wrinkles form in the center of the forehead, indicating AU 1. The position of the outer corners of the eyebrows changes little from neutral, but slight wrinkles appear high above the outer corners, indicating the presence of AU 2. Consulting the guidelines for AU combination 1+2+4 indicates that the intensities 1B+2B+4C should be assigned. AU combination 1+4 might be con- sidered as an alternative score, but not only is the evidence for 2 clear, but also, the overall shape of the brows fits with 1+2+4 much better than 1+4. In the lower face, the jaw lowering is about midway to the most that the jaw can relax open, indicating 26C. The lips are parted no more than a trace beyond what the jaw drop might produce, so 25C is scored. The lower lip near the corners is stretched a trace laterally and down, changing the shape of the lower lip and creating a trace of bulging at the lip corners, sufficient to score 20A. The nostrils are flared slightly, suffi- cient to score 38A.
practice	142	/mnt/Manual/Practice/142S.gif	4B+5C+7A+24C+38D	The lips are slightly narrowed and pressed together, producing slight bulging below the lips, sufficient to score 24B. AU 23 is not a good score because there is little evidence of the tightening and turning inwards of the lips characteristic of 23. The nostrils are extremely flared, sufficient for 38D. If you missed this obvious change, you probably are not doing the omission check. The inner half of the brow is lowered markedly and the inner corners are drawn together slightly, producing slight vertical wrinkle in the glabella, sufficient for 4C. The upper eyelids are raised to show the entire top of the iris, slightly more than in neu- tral, sufficient evidence using the guidelines for 4+5 to score 5C. The lower eyelids are straightened and drawn up on the eyebrow a trace, and a trace of increase in wrinkling and bulging appears, enough to score 7A.
practice	143	/mnt/Manual/Practice/143S.gif	1E+2E+5E / 1E+2E+5E+25C+26E	The raise of the entire brow indicates AU combination 1+2, and as the horizontal wrin- kling in the forehead, upward movement of inner and outer eyebrow corners, and expo- sure of the eye cover fold are all maximum, the E intensity is assigned to both AUs. The upper eyelid is raised to expose a maximum amount of sclera above the iris, indicating AU 5E. In the lower face, the jaw is lowered about as much as possible from relaxation (remember, this degree of lowering cannot be scored 27 in a still image), so 26E is scored, and the lip parting is about what can be expected from the jaw lowering alone, so 25C is scored. You may have considered 19, but the tongue does not protrude. 54
practice	144	/mnt/Manual/Practice/144S.gif	7C+12D+the / 25D+26D	e is dominated by the extreme lateral and obliquely upward stretching of rs and nasolabial furrow, and the severe lifting of the infraorbital triangle of the nasolabial furrow characteristic of AU 12, at the D intensity. The he jaw is almost enough to put a finger through, or a 26D. The lip parting by the 12 markedly beyond what the jaw drop alone might produce, suffi- e 25D. The tongue does not protrude, excluding AU 19. igh intensity of the 12, which raises the infraorbital triangle, no crow’s are present, and the outer corners of the brows are not lowered, thus pro- dence for AU 6. The narrowing of the eyes is pronounced and the , wrinkling and bulging of the lower lid is sufficient to score 7C.
practice	145	/mnt/Manual/Practice/145S.gif	D+2D+5D+lip / 25C / 25C+26D / 19	ropped almost enough to stick a finger through the teeth, or a 26D. The s not different from that which might be produced by this jaw drop, so it is he tongue shows, but it does not protrude, at least with certainty, so AU red. ow is raised severely, producing pronounced horizontal wrinkles across rehead, and the exposure of the eye cover fold and skin above it is severe, score both AUs 1 and 2 at the D intensity. The upper eyelids are raised to ly more sclera, or 5D.
practice	146	/mnt/Manual/Practice/146S.gif	4C+5C+forming / D+24E+38E / 5C	of the eyebrows is pronounced and the drawing together is pronounced, unced vertical wrinkling in the glabella, sufficient to score 4C. A harsh ty and slightly more revealing of the iris than in neutral is sufficient to There is no bulging or more wrinkling in the lower eyelid than in neutral, pening is not changed; although the iris is closer to the lower lid, this to gaze direction There is insufficient evidence to score 7, and if you look corners of the eyes and compare them with those of the 7A in item 142, you fference in how the skin is drawn together, which is lacking here. face, the severe pushing up and wrinkling of the chin boss and the pushing s indicate AU 17D. The pushing up of the lips by 17 is checked by the ressing, which creates maximum bulging above and below the lips and arrowing, indicating 24E. There is much more bulging and pressing in tightening and turning inwards, so AU 23 is not as good a score for the trils are maximally flared, sufficient to score 38E. If you failed to score it, kipped the omission check.
practice	201	/mnt/Manual/Practice/Video/QT/P201.mov	7D+9D+17C / 10	e shows extreme nose wrinkling, gathering of skin on the nose and rais- per lip, pouching above nostril wing, deepening of nasolabial furrow, and orbital triangle raise, indicating 9D. One might claim that there is a possi- here is too little evidence of 10, beyond what 9 causes, to score 10 (e.g., e of the nasolabial furrow, lifting of its lateral part, lifting of lip corners), tial motion allowing differentiation of these two AUs. The pronounced n boss raising, marked to pronounced chin boss wrinkling, and pushing up wer lip indicate AU 17 at the C intensity. face, the infraorbital triangle raise, pulling down of the outer corners of the slight crow's feet wrinkling evident on the left, indicate AU 6C acting in . The severe straightening of the lower eyelid, severe wrinkling and bulg- eyelid beyond what 6 and 9 can produce indicate 7D. You can see some his 7 independent of 9 near the end. AU 4 is not scored here because the eyebrows is down only, due to the 9. 55
practice	202	/mnt/Manual/Practice/Video/QT/P202.mov	1C+4B+15C	The marked oblique pulling down of the lip corners, and slight bunching of skin below the lip corners indicate 15C. The inner corners of the eyebrows are raised and straightened markedly, forming pro- nounced horizontal wrinkles, sufficient to score 1C, and they are pulled together slightly to form slight skin bunching and wrinkling in the glabella, sufficient to score 4B. Notice that the centers of the eyebrows are pulled down by AU 4, forming the straight, slanted brows characteristic of 1+4
practice	203	/mnt/Manual/Practice/Video/QT/P203.mov	1B / 1B+15B	In the upper face, the inner corners of the eyebrows are raised slightly, forming slight horizontal wrinkles high in the forehead, sufficient for scoring 1B. The eyebrows are not pulled together or down anywhere, or much straightened, and there is no vertical wrinkling or other signs of AU 4 between the eyebrows so 4 is not scored. In the lower face, the lip corners are slightly pulled down, and slight bunching below lip corners appears, sufficient to score 15B.
practice	204	/mnt/Manual/Practice/Video/QT/P204.mov	4C+5D+6A+7D+10E+15D+17D	The extreme chin wrinkling, pushing up of the chin boss, and pushing up and out of the lower lip indicate 17D. The pronounced lowering of lip corners, producing a pro- nounced inverted-U shape, with pronounced wrinkling and bulging below lip corners indicate AU 15 at the D intensity, using the criteria for 15 with 17. Extreme to maxi- mum nasolabial furrow deepening and raising forming the characteristic pouching of AU 10, with extreme raising of he upper lip and infraorbital triangle is sufficient for the E intensity. It is hard to tell if the lips part on either side of the center near the end of the item, so to be conservative, 25 is not scored. In the upper face, the eyebrows are pulled together markedly and the pulling down is pronounced, sufficient evidence for 4C. The lower lid is straightened severely, and raised with bulging in the lower lid enough to score 7D. The upper lid is raised mark- edly, pushing against the lowering caused by the 4 and creating a harsh glare and revealing more of the iris at the top and sclera next to it, sufficient to score 5D. The slight raising of the lateral part of the infraorbital triangle and skin bunching at the eye corners, and lowering of the outer end of the eyebrows and trace of crow's feet wrin- kling is sufficient to score 6A.
practice	205	/mnt/Manual/Practice/Video/QT/P205.mov	7B+9B+17A / R20C / 57	The trace raising of the chin boss, trace wrinkling on the chin boss, trace pushing up of the lower lip indicate 17A. Slight pouching above the nostril wings, slight gathering of skin on the nose, and slight deepening of the nasolabial furrow indicate 9B. These small actions of AUs 9 and 10 are easy to confuse, so look in the subtle differences for these AUs. Here, the direction of skin pull is medial, towards the nose, a sign of 9. The slight narrowing of the eye opening, marked straightening of the lower eyelid, and slight bulging of the lower eyelid is sufficient evidence to score 7B. 56 ght raising of the inner corners of the eyebrows, forming slight the center of the forehead, indicates a 1B. The slight drawing corners of the eyebrows and slight bunching of skin in the glabella 4B. the chin boss, slight wrinkling on chin boss, and slight pushing up 17B. the upper lip and slight deepening of the nasolabial furrow, form- 10 shape, indicate 10B, close to a 10C on the right side. The jaw parting of the lips is about 2mm, indicating 25B. lled down severely with severe bunching of skin at the lip cor- ore 15E using the criteria for 15 with 17. d up markedly with pronounced chin boss wrinkling, and the slightly, indicating 17C. atively slowly, and is not pulled rapidly open or stretched, sepa- as much as a finger can fit through, or as much as might occur if jaw relaxed completely, or 26E. The tongue shows, but does not d the teeth, so 19 is not scored. The lips part markedly beyond e might produce, or 25D, because the lip is stretched laterally on cedly, producing marked wrinkling beyond the lip corner, indi- ght lip corner is angled down, but no 15 is scored as it is 20 that ity noted in 20secA. first movement in the brows is up slightly, and although this the center of the forehead, forming slight wrinkling in the cen- 1B there is a trace of upward movement on the right outer corner s different from any small upward movement that AU 1 might ing R2A. Marked pulling together of the inner corners of the ded to their initial upward movement, producing marked bunch- he skin in the glabella, sufficient for scoring 4 at the C intensity. acts, the eyebrows are pulled down from their centers, creating haracteristic of 1+4, and signs of the R2 disappear. The upper veal markedly more of the iris, even virtually all of the iris briefly, for 5 in 1+4, this is scored 5C. The 5 fades off by the end of the
practice	210	/mnt/Manual/Practice/Video/QT/P210.mov	6D / 6D+20D+25B	The infraorbital triangle is raised severely, creating severe crow's feet wrinkles on the right side, less on the left, indicating a 6D. The infraorbital furrow is deepened severely by AU 6, and skin of the lower eyelid is pushed slightly up on the eyeball, at least on the right, this increased wrinkling and pushing up of the lower eyelid can reasonably be accounted for by AU 6, so AU 7 need not be scored to account for these changes. If you scored 7A/B on the right, it would not be a serious mistake, but there is no evi- dence of 7 on the left. The lips are stretched laterally extremely, and severe bulges appear beyond the lip cor- ners, indicating AU 20 at the D intensity. The lips are parted on both sides of the phil- trum about 2mm or 25B. The appearance of 20 with 6 creates changes that you might confuse with AU 12, because of the oblique upward pulling on the lip corners by AU 6. This effect is more apparent on the right than the left in this item. Despite these signs in common with 12, these appearance changes are best accounted for by the score of 6+20, not 6+12 or 6+12+20. More evidence of 12 that could not be produced by 20 or 6 would be needed to score a 12 in this situation. AU 10 is not a good score because there is no characteristic AU 10 pouch and it is the lateral part of the nasolabial furrow that deepens, not near the nose, and this change can easily be explained by the 6+20.
practice	211	/mnt/Manual/Practice/Video/QT/P211.mov	10D+20D+25C	The upper lip is raised severely, the infraorbital triangle is raised and the nasolabial fur- row is deepened and raised extremely, forming the characteristic pouch of AU 10, at the D intensity. The lip corners are stretched laterally severely, flattening the cheeks and creating bulges at the lip corners, indicating a 20D. The lips are parted markedly more than the criteria for 25B, sufficient for 25C. AU 17 is not present, though you might be misled by the fact that the medial portion of the lower lip is higher than the corners. Yet, the neither the lower lip or chin boss is pushed up. Although the lower eyelid is pushed up somewhat and the infraorbital furrow is deep- ened, this can be accounted for entirely by the lifting of AU 10. Nothing happens in the rest if the upper face.
practice	212	/mnt/Manual/Practice/Video/QT/P212.mov	16A+20B+25C	The initial movement of the lower lip is slightly down only, pulling the lower lip down almost enough to reveal the lower gum line, sufficient to score 16A. The slight lateral lip stretching begins just before the lower lip dips to its lowest point, creating slight bulging beyond the lip corners, sufficient to score 20B. As the 20 reaches its furthest excursion, sighs of the 16 disappear. The parting of the lips at its greatest is slightly more than the criteria for 25B, sufficient to score 25C.
practice	213	/mnt/Manual/Practice/Video/QT/P213.mov	14D / 10 / 14 / 20 / 15 / 12 / 59	The lip corners are tightened extremely, pulled inwards severely, characteristic of 14 at the D intensity. AU 14 stretches the skin on the chin boss, but there is no pushing up characteristic of AU 17. The lips are thinned, but nothing beyond what the 14 can produce. The wrinkling beyond and below the lip corners are typical of this strong, stereotypical 14. Nothing else happens in this item. 58 markedly, with marked infraorbital triangle raise and pro- nasolabial furrow in the characteristic 10 shape, sufficient to p corners is severe, with marked lateral movement and the lip corners and below indicates 14D. because you thought that the characteristic shape of AU 10 is iew the effects of AU 14 on AU 10 in 10+14secA. face appear. e lip corners, severe lateral movement of the lip corners, and lip corners and below indicate 14 at the D intensity. This asolabial furrow, which can lead to confusion with the signs 6. chin boss and marked wrinkling of the chin boss, pushing up 17C. ng of the lip corners, producing extreme flattening of the ond the lip corners indicates AU 20 at the E intensity. ewhat downward, but the entire skin of the chin is also pulled lly, pulling the center of the lip down extremely to reveal the duced by 20 alone, but of 16 at the D intensity. he criteria for 25B is pronounced, or 25C. arent. severely, the nasolabial furrow is deepened extremely in the AU 10 at the D intensity. The lips remain together because of g of the lower lip as the raise of the chin boss is pronounced and wrinkling on the chin boss indicating 17C. The lip cor- kedly, producing pronounced wrinkling and bulging below rs, indicating 15C. The lower part of the nasolabial furrow is obliquely upwards, pulling the lip corners upward in tension the lateral aspects of the infraorbital triangle, producing the e of 12+15, which is somewhat altered by the extreme 10. o what 15, or 10+15, is doing to the lips is an appearance that gnize as a whole, after repeatedly following the procedure for and 17 in Chapter 6. es”, 17 is involved, the evidence for 17 is clear. volved, if you scored 15B instead of 15C, it is a minor error. u see that any evidence for AU 6 the AU combination in this t the evidence for AU 12, oblique pulling of skin beyond the lip e of skin in the lower nasolabial furrow, is apparent. ned to 12 as these changes are on the slight side, but an argu- could reasonably be made.
practice	218	/mnt/Manual/Practice/Video/QT/P218.mov	7B+12C	The corners of the lips are markedly to pronouncedly pulled obliquely upwards, the deepening of the nasolabial furrow is pronounced, and the infraorbital triangle is raised markedly, characteristic of AU 12 at the C intensity. AU 14 could be considered, but lip corner tightening is not evident. AU 10 is another possibility, but the characteristic pouching is not present nor is the shape of the upper lip a compromise between 10 and 12. Also, there is no evidence of 10 pulling up the center of the upper lip. Slight narrowing of the eye opening, slight straightening of the lower eyelid as it is pulled up on the eyeball, slight bulging and wrinkling of the lower eyelid indicate 7B. You might have considered AU 6, but the raising of the infraorbital triangle can be attributed to AU 12, and the narrowing of the eye opening, to AU 7, and no indepen- dent signs of 6 are apparent.
practice	219	/mnt/Manual/Practice/Video/QT/P219.mov	6D+7C+12D+25B	Severe to extreme raising of the lip corners obliquely and upwards, severe deepening of the nasolabial furrow and raising of the infraorbital triangle are characteristic of AU 12 at the D intensity. The lips are parted about 2mm, or the B intensity. Severe crow's feet wrinkles that extend above the eye corner, together with the pulling down of the outer corners of the eyebrows and contraction of skin around the orbit of the eye indicate AU 6 at the D intensity, less on the left. Marked narrowing of the eye opening, pronounced straightening of the lower eyelid, marked bulging and wrinkling beyond what 6 might do, and raising of the lower eyelid on the eyeball indicate AU 7 at the C intensity. The action of 7 is somewhat independent of the 6.
practice	220	/mnt/Manual/Practice/Video/QT/P220.mov	1C+11B	The middle of the nasolabial furrow deepens slightly and the skin of the upper lip between the philtrum and the lip corner is pulled obliquely upwards slightly, indicating AU 11 at the B intensity. This action is not AU10 because the characteristic pouching of AU 10 is not clearly evident, the deepening of the nasolabial furrow is more in the central than the medial part, and the lifting of the infraorbital triangle is more oblique than upwards. The inner corners of the eyebrows are raised markedly forming slight wrinkles at the center of the forehead indicating AU 1 at the C intensity. AU 2 is not present in this item; whatever movement you might detect in the lateral part of the eyebrows is from the 1 (she also moves her head slightly up). AU 4 is not present as there is no pulling together of the brows or vertical wrinkling.
practice	221	/mnt/Manual/Practice/Video/QT/P221.mov	11C	The middle of the nasolabial furrow deepens markedly and the skin of the upper lip between the philtrum and the lip corner is pulled obliquely upwards markedly, indicat- ing AU 11 at the C intensity. AU 11 is a better score than 10 for this item; see the subtle differences. The change in the shape of the lips is due to the 11, not 15 though the resulting inverted-U suggests 15. The lip corners do not move, eliminating both 15 and 20 from consideration. There is no other movement in this item.
practice	222	/mnt/Manual/Practice/Video/QT/P222.mov	12B / 12 / 11 / 15 / 16 / 10 / 61	The corners of the lips are pulled slightly upwards and obliquely, sightly lifting the lower part of the infraorbital triangle and deepening the lower part of the nasolabial furrow slightly, indicating AU 12 at the B intensity. The resulting shape of the lips and the direction of movement of the skin beyond the lip corners are characteristic of AU 12, not to be confused with the signs of 11. 60 acteristic of 12+15, with the upward, oblique pull of the lip cor- n to the downward, oblique pull of the lip corners by 15. g of the lower and middle portion of the nasolabial furrow, ital triangle, and marked stretching of the lips indicate 12C. ling of the lip corners, the pronounced wrinkling below and indicate 15C. If you scored 15B, note that in neutral, the lips are e lip corner movement is greater than the B intensity. ed an alternative to scoring 12, but the movement of skin is at rs, not above the middle of the lip, the deepening and lifting of s in the lateral part, not only in its middle, and the opposition to ther with the characteristic compromise shape of the lips is mething 11 cannot do. le lifts due to the action of 12, but there is no evidence of AUs 6 y trace changes in the infraorbital furrow area on the right and r, lateral part of the infraorbital triangle, which are produced by include severe oblique, upward stretching of the lip corners, he infraorbital triangle, with severe deepening of the nasolabial he middle, and severe bulging of the cheeks above the lip cor- r this set of appearances is 13 at the D intensity, because the rais- is sharper than that of 12, the lips are not stretched laterally as bulging of the cheeks indicates 13, not 12. quivocally dispute a claim that some 12 also occurs here, based above, so scoring 12+13 would not be a serious error. AU 14 cause there is no tightening or pulling in of the lip corners. the eye opening, the slight pulling up of the lower eyelid onto ight bulging indicate 7A (using the criteria for 7 with 13). are pulled severely upwards and obliquely, lifting the infraor- , and deepening the nasolabial furrow severely indicating AU 12 center of the lower lip is pulled down severely, revealing all of t, the skin of the chin and lower lip is pulled down and laterally D. The slight deepening of the medial nasolabial furrow, forma- tic 10 pouch, and slight lifting of the upper lip (all of which are a traction of 12) indicate the presence of 10 at the A intensity with 12). The baring of the upper teeth, more than 12 alone at this , is part of the compromise shape of 10 and 12 together, though promise shape possible. The jaw drops slightly as can be seen n between many teeth, though not all, indicating 26A. The sepa- lmost as much as can be had, given this small jaw drop, or 25E. aorbital triangle by 12 is substantial, particularly on the right, and e eyeball on the right, deepening the infraorbital furrow, with a lower lid, especially on the right. Crow's toes wrinkles form on e appearance changes can be easily explained by the action of 12 is whether to score a 6, particularly on the right. However, the nd above the outer corner of the eye, and the outer corner of the own, so 6 is not scored here, but if you scored R6, it is not a
practice	226	/mnt/Manual/Practice/Video/QT/P226.mov	4B+6C+7D / 4B+6C+7D+15D+17A	Pronounced raising of the infraorbital triangle, slight crow's feet wrinkling, lowering of the outer corner of the eyebrows, and obvious gathering of the skin around the orbit of the eyes indicates AU 6 at the C intensity. The severe narrowing of the eye opening, extreme straightening of the lower eyelid and severe to extreme wrinkling and bulging of the lower eyelid are far beyond what the 6 alone is doing and indicate the action of AU 7 at the D intensity. In addition to being lowered a trace (which might be an effect of 6), the inner corners of the eyebrows are drawn together slightly, creating slight wrinkles and bulges in the glabella, indicating AU 4 at the B intensity Severe pulling down of the lip corners with pronounced to severe wrinkling and bag- ging beyond the lip corners forms a pronounced, characteristic inverted-U shape of AU 15 at the D intensity. Slight wrinkling on the chin boss, trace of pushing upward of the chin boss and skin of the lower lip (though the red parts are hardly affected) indicate AU 17 at the A intensity. The trace deepening of the nasolabial furrow, particularly the mid- to lower part is attributed to the actions of 15 and 6, but if you scored 6+11A, it is not a serious error, but 11 is not needed to explain this appearance change.
practice	227	/mnt/Manual/Practice/Video/QT/P227.mov	4D+5D+17C+24E	The upward push of the chin boss and the chin boss wrinkling is pronounced, indicat- ing AU 17 at the C intensity. The pushing up of the lip by 17 is countered by extreme to maximum pressing and tightening of the lips, narrowing them markedly, and creating severe bulging above and below the red parts of the lips. Because the pressing of the lips outweighs the tightening of the lips, and the lips are pressed flat rather than turned in, 24 at the E intensity is scored in this item. AU 23 should be seriously considered, but rejected because particularly with 17, the lips would be much more turned inwards, and much thinner if 23 were acting. The eyebrows are severely pulled together and lowered, creating severe wrinkling in the glabella, indicating AU 4 at the D intensity. The upper eyelid is raised to expose more of the iris and sclera adjacent to the iris indicating the action of 5 at the D inten- sity, using criteria for 5 with 4. The trace upward movement of the lower lid is easily explained by the strong action of 5, eliminating 7 from consideration.
practice	228	/mnt/Manual/Practice/Video/QT/P228.mov	5B / 5B+10C+25B	In the upper face, the upper eyelid is raised, but not enough to reveal the entire iris or sclera above it, indicating AU 5 at the B intensity, using criteria for 5 alone. In the lower face, the upper lip is raised markedly, forming an angular shape in the upper lip, and the nasolabial furrow is deepened slightly in the characteristic 10 shape, sufficient to score 10C. The lips are parted slightly more than the 2mm criteria for the B intensity of AU 25, or 25C, using the criteria for 25 without teeth separating.
practice	229	/mnt/Manual/Practice/Video/QT/P229.mov	4C+7C / 4C+7C+17D+26D+28B / 18+23 / 16 / 20 / 23 / 10 / 63	In the upper face, the inner corners of the eyebrows are pulled together slightly, and their lowering is pronounced, forming marked vertical wrinkling and skin bunching in the glabella, indicating 4C. The narrowing of the eye opening is marked to pro- nounced, with pronounced straightening of the lower eyelid, and marked wrinkling and bulging of the lower eyelid, indicating 7C. AU 6 not present as there is no infraorbital triangle raise or crow's feet wrinkling. In the lower face, the jaw drops only enough to allow the lips to fit between the teeth, and too slowly for AU 27, so this action is scored 26D. Since the lips do not part, AU 25 is not scored. Both lips are rolled entirely into the mouth and the red parts virtually disappear, scored AU 28B. Aiding the position of the lower lip into the mouth, the skin of the lip and chin boss is pushed up severely, creating severe wrinkles on the chin boss, or 17D. 62 s are pulled inwards severely, producing severe wrinkling in the the lips severely, indicating 18C. AU 18 produces some of the s due to AU 23, but in this item, the narrowing and tightening ced, and pronounced bulging and wrinkling appear above and ient to score 23B, using the guidelines for AU combination n below the lips are due to 18+23, not 17 as there is no upward e chin or lip. he eyebrows are pulled together and lowered extremely, forming ling and skin bulging in the glabella, sufficient to score 4D. The extremely to reveal sclera above the iris, sufficient to score 5 at d up maximally, raising the infraorbital triangle, and the nasola- d maximally in the form of the characteristic pouching of AU 10 e lower lip is pulled down extremely revealing virtually all of the kin of the chin and lower lip is pulled down and laterally, indicat- ity. Both lips, but especially the lower lip is turned out, funneled the characteristic shape of AU 22C. The actions of 10, 16 and 22 t as much as possible with the jaw closed, or 25E. ou might have been mislead by the lateral movement of the skin ement is due to 16, not 20, which would not pull down as much. ou might have noticed a hint of tightening in the lips, but this biguous and could be caused by 10+22. ed extremely and are pulled together severely, forming severe skin bulging in the glabella, sufficient to score 4D. The lower , pulled up onto the eyeball, with marked bulging and slight wrin- core 7B. because there is no evidence of the upper eyelid pushing against in by AU 4 and the harsh glare is not present (cover the eyebrows re not harsh). ause, although the infraorbital triangle raises due to AU 10, the riangle do not raise, and there are no crow's feet. maximally inwards forming maximum bulging and wrinkling he red parts, unmistakably indicating a 23 at the E intensity. The verely, deepening the nasolabial furrow severely in the characteris- the D intensity. The actions of 10 and 23 separate the lips slightly for the B intensity of 25, or 25C. ions in the lower face have reached apex, the inner corners of the tly to pronouncedly, more on the right, forming pronounced hori- center of the forehead, indicting a 1C. The upper eyelid is raised f sclera in the right eye, or 5C. lled down severely, creating pronounced bulging and wrinkling forming the characteristic inverted-U of AU 15 at the D inten- pushed up maximally creating extreme to maximum wrinkling on hing up the lower lip, sufficient to score 17E. The lips are tight- rned in markedly, creating marked wrinkling around the margins cating 23C. The nostrils flare markedly, indicating 38C.
practice	234	/mnt/Manual/Practice/Video/QT/P234.mov	4B+16C+23D+25C	The lower lip is pulled down markedly in the center, and the skin of the chin and lower lip is pulled down and laterally pronouncedly, sufficient to score 16C. The red parts of the lips are tightened and narrowed severely, with severe tightening and bulging around the margins of the red parts, indicating 23 at the D intensity. The action of 16 pulls apart the lips slightly more than the criteria for 25B, or sufficient to score 25C. The eyebrows are slightly lowered and drawn together a trace, sufficient to score 4B.
practice	235	/mnt/Manual/Practice/Video/QT/P235.mov	1C+4C+7B+17C+24C	The lower lip is pushed up slightly, and the chin boss and skin above it are pushed up markedly, creating wrinkles and bulges on the chin that are pronounced, sufficient to score 17C. The lips are de-elongated, pressed markedly together and narrowed mark- edly, opposing the upward movement of the lower lip by AU 17. This evidence indi- cates AU 24 at the C intensity. AU 23 is not scored because the lips are pressed, not tightened and turned inwards. The inner corners of the eyebrows are raised and pulled together, with the centers of the eyebrows pulled down slightly, producing the characteristic slant of AU combina- tion 1+4. Marked vertical wrinkles and slight bulges appear in the glabella, and the pulling together is pronounced, indicating 4C. The raising is pronounced, forming marked horizontal wrinkles in the center of the forehead, indicating 1C. The lower eye- lids are straightened, pulled up on the eyeball, and the eye opening is slightly narrower, with slight bulging and wrinkling of the lower lid, sufficient to score 7B.
practice	236	/mnt/Manual/Practice/Video/QT/P236.mov	4C+5E+6B+7C / 4C+5E+6B+7C+14D+17D / 38D / 1+4 / 23D / 22 / 14C / 14 / 24 / 65	In the upper face, the eyebrows are lowered markedly and drawn together markedly, creating slight vertical wrinkles and bulges in the glabella, sufficient to score AU 4 at the C intensity. The upper eyelid is raised to reveal much more than a hairline of sclera above the iris, especially evident in the left eye, which using the intensity guidelines for 4+5, is sufficient for scoring 5 at the E intensity. The infraorbital triangle is raised markedly, particularly evident on the lateral part, and the outer corner of the eyebrow is lowered, and wrinkling and bulging at the corners of the eye indicate AU 6 at the B intensity. The lower lid is straightened and raised on the eyeball, producing pro- nounced bulging and wrinkling, particularly in the right eye, far beyond the effects that AU 6 is causing and sufficient to score 7 at the C intensity. In the lower face, the lip corners are drawn laterally and severely tightened at the cor- ners, with severe to extreme wrinkling beyond the lip corners and pronounced deepen- ing of the nasolabial furrow. This evidence is best explained by AU 14 at the D intensity, and although there is some resemblance to AU 12 in the shape of the lip, 12 cannot explain the tightening or the shape of the wrinkles at the lip corners. The chin boss is pushed up extremely, and extreme wrinkling appears on the chin boss and skin of the chin, pushing up the lower lip markedly, sufficient evidence to score 17D. You might have considered scoring 23 or 24, but the thinning, tightening, and bulging that could be used as evidence for these AUs are explained sufficiently by the actions of 14 and 17. The lips are not turned in as AU 23 would do, nor are there wrinkles on the lip margins as 23 might produce. AU 24 might be easier to support, based on the pressing and thinning of the lips, which could be accounted for by 14 and 17, and the straightness of the lips, which implies some opposition to the pushing up of the lower lip by 17, but this opposition could be provided by 14. The criterion score does not include 24 for these reasons, but if you scored 24A/B this is not a serious error. 64 bout 2mm, or the B intensity of 25. The corners of the lips are extremely, de-elongating the lips, and forming a puckered haracteristic of AU 18 at the D intensity. The nostrils are . eyebrows are pulled together and lifted, and the lateral and brow is lowered, forming the slanted shape characteristic of al wrinkles form in the center of the forehead, with the pro- icient to score 1C. Severe vertical wrinkling and bulging in the e pulling together, indicate 4 at the D intensity. The lower eyelid and straightened, creating severe bulging, especially in the right the eye is gathered together and pulled medially by AU 7 at t severely to extremely in a characteristic appearance of AU 22 extreme tightening and curling in of the red parts indicates AU nd 23 occur sequentially making them easy to see. The lips are n the criteria for 25B with the jaw closed, or 25D. edly tightened, pulled slightly inwards, stretched slightly later- de remain angled somewhat downwards. Marked muscle bulges s. The lower part of the nasolabial furrow is deepened extremely, the lip corners. The bulging and the tightening, with the other (barely). On the right side, however, the nasolabial furrow and e lip are also pulled slightly obliquely upwards and deepened but no such pulling appears on the left side, leaving the signs of with the other signs present, indicates the action of 12 on the The upper lip is raised, but the lips remain together. The entire raised severely to maximally. The severe nose wrinkling, sharp wings, pulling of skin onto the nose, and extreme deepening of dicate 9D. The lips are pressed together severely, forming lower lip and wrinkles on the upper lip, indicating 24D. s pushed up slightly with slight wrinkles appearing on the chin this item, indicating a 17B. This action practically disappears by t helps keep the lips together as the 24 increases. al part of the infraorbital triangle, the lowering of the outer cor- the gathering of skin around the eye, producing severe crow's U 6 at the D intensity. The eye opening is narrowed extremely ghtened, pulled up onto the eyeball, forming severe bulges and t the action of 6 produces, indicating 7D. AU 4 is not scored not pulled together and AUs 9 and 6 explain their lowering. more difficult in this Practice set. ed up and drawn laterally markedly, and the infraorbital triangle slight wrinkling beyond the lip corners and deepening of the ng the characteristic lip shape of AU 12 at the C intensity. The arkedly, forming slight wrinkles on the chin and pushing up sufficient to score 17C. because the thinning and pressing of the lips is explained ade- f 12 and 17.
practice	241	/mnt/Manual/Practice/Video/QT/P241.mov	12C+24C	The lip corners are raised up and drawn laterally markedly, and the infraorbital triangle is raised slightly, with slight wrinkling beyond the lip corners and marked deepening of the nasolabial furrow, indicating AU 12 at the C intensity. The lips are pressed mark- edly, straightening the lip line, and markedly thinning the lips, forming slight bulges above and below the lips, indicating the action of 24 at the c intensity. AU 14 is not scored because the lip corners and the skin beyond them are not tight- ened, but pulled up.
practice	242	/mnt/Manual/Practice/Video/QT/P242.mov	7E+12C+23E	The red parts of the lips are turned inwards and tightened maximally, narrowing the lips and forming bulges and wrinkles above and below the margins of the red parts of the lips, sufficient to score 23E. The lip corners are raised up and drawn laterally markedly, and the infraorbital triangle is raised slightly, with slight wrinkling beyond the lip cor- ners and marked deepening of the nasolabial furrow, indicating AU 12 at the C inten- sity. AU 17 is not scored because there is no pushing up of the lower lip or chin boss; skin is only stretched by 23 in the chin. AU 14 is not scored because whatever tightening in the lip corners is present can be accounted for by the 23. The eyelids are narrowed to a slit, and the skin of the eyelids is gathered and pulled medially to the maximum extent, creating maximum wrinkling and bulging of the lower eyelid, indicating 7E.
practice	243	/mnt/Manual/Practice/Video/QT/P243.mov	4B+5D / 4B+5D+17C+23E+25C+26B+29B+38D	In the upper face, the eyebrows are lowered and drawn together slightly, forming trace wrinkles and bulging in the glabella, sufficient to score 4B. The upper lid is raised to reveal a hairline of sclera above the iris, and using the criteria for 5 in 4+5, is scored 5D. In the lower face, the lips are turned inwards and tightened maximally, narrowing the red parts of the lips and forming bulges and wrinkles above and below the margins of the red parts, sufficient to score 23E. The jaw drops slightly, but not rapidly, or 26B, as can be seen from the position of the chin relative to the neck, and in the brief opening of the lips. The jaw’s drop allows it to thrust forward markedly, as can be seen from the movement of the lateral parts of the mandible and bulging of the chin and lips as the jaw moves forward, or 29B. The brief, slight lip parting is only as much as might be produced by the jaw drop alone, or 25C. The chin boss is pushed up severely, forming pronounced wrinkling on the chin, pushing up the lower lip to unite the lips, sufficient to score 17D. This pushing up of the chin is partly hidden by the 29. The nostrils are severely flared, or 38D.
practice	244	/mnt/Manual/Practice/Video/QT/P244.mov	10E+17E+23D / 22C / 26B / 25D / 67 / 228 / 5X / 5Y / 229 / 4+7 / 4+6 / 236 / 4+5Y / 236+5Y / 4+5X / 4+5 / 243 / 243+5X / 243+5Z / 71 / 41 / 43B / 122 / 122+1 / 123+4 / 123 / 0+1 / 125 / 1+2 / 128 / 4+5Z / 73 / 139 / 4++6 / 140 / 141 / 1+5 / 143 / 75 / 44 / 7E / 205+7 / 205 / 206 / 1+4 / 207 / 10X+25 / 10Y+25 / 208 / 15Y+17 / 15Z+17 / 15+17 / 15Y+6 / 77 / 213 / 14 / 14+17 / 14+6 / 214+10Y / 214 / 7+10Y / 214+10X / 215+14 / 215 / 10Y+14 / 10X+14+2 / 216 / 16+20Z / 16+20X / 16+20Y / 79 / 221+11 / 221 / 10X / 221+11+3 / 222 / 12X / 223 / 12Y+15Y / 12X+15Y / 12X+15X / 224+13 / 224 / 7+13 / 81 / 232 / 245+23 / 245 / R14+23 / 246+22 / 246 / 18 / 246+22+1 / 247 / 247+14 / 247++1 / 87 / 105+9 / 105 / 4+9 / 106 / 106+9 / 107 / 108+9 / 108 / 89 / 113 / 114 / 115+R / 115+H / 115 / 1+2+H / 115+1 / 116+12Y / 116 / 7+12Y / 116+12X / 7+12X / 91 / 121 / 6+12Z / 6+12Z+6 / 4+5Y+6 / 124+9 / 124+R9 / 124 / 6+9 / 124+9+1 / 93 / 129 / 4+5X+6 / 130 / 131 / 131+4 / 132 / 95 / 137 / 138 / 97 / 145 / 146 / 99 / 11 / 1982 / 1964 / 1965 / 1974 / 22 / 1971 / 1979 / 500 / 36 / 939 / 1979b / 000 / 1977 / 930 / 1978 / 211 / 3b / 6a / 3c / 3a / 10 / 100 / 1980 / 1972 / 2nd / 1925 / 60 / 16 / 1969 / 305 / 306 / 1976 / 192 / 1985 / 1981 / 1983 / 1984 / 17 / 15+4+7 / 24+5 / 26+5 / 26 / 1924 / 1970 / 19 / 1933 / 198 / 25 / 1134 / 1930 / 42 / 05 / 969 / 23 / 509 / 27 / 88 / 967 / 69 / 561 / 571 / 76 / 269 / 272 / 62 / 119 / 158 / 929 / 537 / 12 / 13 / 61 / 15 / 51 / 40 / 39 / 20 / 21 / 24 / 28 / 29 / 32 / 33 / 34 / 37 / 38 / 35 / 43 / 30 / 45 / 46 / 31 / 47 / 48 / 49 / 50 / 53 / 52 / 56 / 58 / 57 / 54 / 55 / 59 / 117 / 118 / 41are / 3D / 1+2+5B+26 / 1+2+5B+27 / 1+2+4+5 / 6+12 / 12C / 1+4+11+15B / 1+4+15 / 6+15 / 9+16+15 / 9+17 / 16+25 / 10+17 / 7+10 / 22+23+25 / 7+l0 / 23+25 / 7+23+25 / 7+17+23 / 7+17+24 / 7+23 / 7+24 / uni+15+17+41 / 60th / nts1 / 10+23	"The upper lip is pulled up maximally, and maximum pouching of the nasolabial furrow characteristic of AU 10 forms, with extreme deepening of the nasolabial furrow and raising of the infraorbital triangle, sufficient to score 10E. The lower lip and chin boss are pushed up maximally creating maximal wrinkling and bulging on the chin, indicat- ing 17E. The lips are turned inwards and tightened severely to extremely, narrowing the red parts of the lips and forming severe bulges and wrinkles above and below the mar- gins of the red parts, sufficient to score 23D. The simultaneous occurrence of the AUs make seeing the 23 harder. Notice that although the skin of the lower eyelid is pushed up onto the eyeball slightly with a trace of wrinkling, this change can be adequately explained by the action of 10 pushing up the infraorbital triangle. There is no AU 7 in this item. 66 s are markedly turned in and thinned, forming the wrinkles and hat characterize AU 23 at the C intensity. The lips part enough e jaw does not drop, indicating 25B. shing forward of the lips is pronounced, sufficient to score ed slightly, enough to see space between the teeth, sufficient re parted markedly more than what this jaw drop might produce ether slightly and narrowed slightly, sufficient to score 24B. btle, if you confuse it with AU 23, see the subtle differences 68 red Practice rmation about how a group of six coders fared in their practice scoring. The nd those whom you are training, with a group who succeeded in learning were reported in Chapter 2 of the Guide). You can determine whether you are errors. If you are making more errors, you should spend more time study- ng. used the original version of FACS compared with the criterion scoring based 7 for the current scoring). Because the rules for scoring have changed, the new 7) are different from the old. In most cases, these differences are minor and ometimes, the original coders were prevented from scoring certain AUs, even then as it is today. You may see these discrepancies in A intensity AUs. In ften, if ever, be scored together are now allowed in the same score (e.g., 6 and , having been incorporated into other AUs (footnotes point these changes , and the intensity notation was different, with X being today’s B, Y being C es, it is helpful to review how another group of scorers saw the evidence that uccesses and mistakes. In some cases, yesterday’s errors are now correct 3 practice movies; Table 8-2 compares the coders on the Chapter 3 practice ll the practice movies for Chapters 4 through 8; Table 8-4 provides the results for gh 8. items for Chapter 8, carefully compare the errors you have made with those 8-3 and 8-4. This is the last set of practice items. Errors are to be expected, but an those made by the coders reported in the following tables. If you are t errors on a particular AU or AU combination, spend more time studying ribed in Chapter 9. 69 APTER 3 PRACTICE MOVIES 03 1 + + 03 1 + 2 + 03 1 + + 03 1 + + 03 1 + + 03 1 + + 4 03 1 + + 6 1 1 06 1 + 4 06 1 + 4 06 1 + 4 06 1 + 4 06 1 + 4 06 1 + 4 06 1 + 6 5 10 + 6 10 5X + 6 10 + 6 10 + 6 10 + 6 10 + 6 10 + 6 1 6 26 4 + 6 + 26 4 + + 7 26 4 + + 7 26 4 + 6 + 26 4 + 6 + 26 4 + + 7 26 4 + + 7 6 2 4 70 How Others Scored Practice Items + 6 + + + + 6 + + 6 + 6 + 6 + + + 7 4 1 HAPTER 3 PRACTICE STILLS 02 1 + 2 + 5Y 02 1 + 2 + 5Y 02 1 + 2 + 5Y 02 1 + 2 + 5Y 02 1 + 2 + 5Y 02 1 + 2 + 5Z 02 1 + 2 + 5Y 6 6 6 10 6 10 6 10 6 10 6 10 6 10 6 10 6 6 17 1 + 4 + 6 17 1 + 4 + 6 17 1 + 4 + 6 17 1 + 4 + 6 17 1 + 4 + 6 17 1 + 4 + 6 17 1 + 4 + 6 6 6 6 19 1 + + + + 411 19 + + 4 + 7 + 19 1 + 2 + 4 + + 41 19 1 + + 4 + 7 + 19 1 + + 4 + + 41 19 + + 4 + + 41 19 1 + + + 7 + 4 1 5 3 3 72 How Others Scored Practice Items + + L6 + 2 + + + 6 + + 6 + + + + 6 + + 6 1 4 + 5Y + 5X + 5Y + 5X + 5X + 5Y + 5 + 4 + 5Z + 4 + 5Z + 4 + 5Z + 4 + 5Z + 4 + 5Z + + 5Z + 4 + 5Z 5 6 31 1 + 4 31 + 4 31 1 + 4 31 1 + 4 31 1 + 31 + 4 31 1 + 4 4 5 33 1 + 4 + 33 1 + 4 + 33 1 + 4 + 33 1 + 4 + 33 1 + 4 + 7 33 1 + 4 + 33 1 + 4 + 6 6 1 37 + 4 + 37 2 + 4 + 37 + 4 + 5X 37 + 4 + 37 + 4 + 37 + 4 + 37 + 4 + 1 6 1 38 1 + 2 + 5Z 38 1 + 2 + 5Z 38 1 + 2 + 5Z 38 1 + 2 + 5Z 38 1 + 2 + 5Z 38 1 + 2 + 5Z 38 1 + 2 + 5Z 6 6 6 74 How Others Scored Practice Items + 7 6 + + 7 + 7 + 7 + 7 + 7 1 5 7 7 7 7 3 + 4 + 5Y + 4 + 5Y + 4 + 5Y + 4 + 5X + 4 + 5Y + 4 + 5Z + + 5Z 5 6 + 5Z + 5Z + 5Z + 5Z + 5Z + 5Z + 5Z 6 TERS 4-8 PRACTICE MOVIES 01 9 + 17 + 01 9 + 17 + 442 01 9 + + 44 01 9 + 17 + 01 9 + 17 + 44 01 9 + + 01 9 + + 6 3 3 02 1 + 4 + 15Y + 02 1 + 4 + 15Y + 02 1 + 4 + 15Y + 02 1 + 4 + 15Y + 02 1 + 4 + 15Y + 17 02 1 + 4 + 15Y + 02 1 + 4 + 15Y + 6 6 6 1 03 1 + 15X 03 1 + 15X 03 1 + 15X 03 1 + 15X 03 1 + 15Y 03 1 + 15X 03 1 + 15X 6 6 04 + 4 + + 7 + 10Z + 15Z + 17 04 + 4 + + 7 + 10Z + 15X + 17 04 + 4 + 6 + + 10Y + 15Y + 17 04 + 4 + + 7 + 10 + 15Y + 17 04 1 + 4 + + 7 + 10Y + 15Y + 17 04 1 + 4 + + 7 + 10X + 15X + 17 04 + 4 + + 7 + 10Y + 15Y + 17 2 6 1 5 6 6 6 76 How Others Scored Practice Items + 9 + + + 9 + + + 10X + + 9 + + + 9 + + 17 + + 10X + + + 10X + 3 3 1 + + 17 + + 17 + + 17 + + 17 + 15Y+ 17 + + 17 + + 17 1 6 09 1 + + 4 + 5Y + + R20Y+ 26 09 1 + 2 + 4 + + + R20X+ 26 09 1 + + 4 + 5X + + R20Y+ 26 09 1 + 2 + 4 + 5X + + R20X+ 26 09 1 + + 4 + 5X + R16 + R20Y+ 26 09 1 + 2 + 4 + 5X + + R20X+ 26 09 1 + + 4 + + R20X+ 26 6 3 6 4 1 6 6 10 6 + + 20Y + 25 10 6 + 10X+ 20Y + 25 10 6 + + 20Y + 25 10 6 + + 20Y + 25 10 6 + + 20Y + 25 10 6 + + 20Y + 25 10 6 + + 20Y + 25 6 1 6 6 11 10Y+ 20Y + 25 11 10Y+ 20Y + 25 11 10Y+ 20Y + 25 11 10Y+ 20Y + 25 11 10Y+ 20Y + 25 11 10Y+ 20Y + 25 11 10Y+ 20Y + 25 6 6 6 12 + 20X + 25 12 + 20Y + 25 12 + 20X + 25 12 16 + 20X + 25 12 + 20Y + 25 12 16 + 20X + 25 12 16 + 20X + 25 3 6 6 78 How Others Scored Practice Items + 14 + + + 14 + 17 + 20X + 14 + + 20Y + 14 + + + 14 + + + 14 + + + 14 + + 6 1 2 17 + 17 + 17 + 20Z 17 + 17 + 17 + 17 + 6 1 + 25 + 25 + 25 + 25 + 25 + 25 + 25 6 17 10Z + 12X + 15Y + 17 17 + 12X + 15Y + 17 17 + 12Y + 15X + 17 10Z + 12X + 15Y + 17 17 + 12Y + 15Y + 17 17 10Y + 12X + 15X + 17 17 10Y + 12X + 15Y + 3 6 6 4 18 + 12Y 18 + 12Y 18 + 12Y 18 10X+ 12Y 18 10X+ 12Y 18 + 12Y 18 10X+ 12Y 3 6 19 6 + 12Y + + 25 19 6 + 12Y + + 25 19 6 + + 13 + 25 19 6 + 12Y + + 25 19 6 + 12Y + + 25 19 6 + 12Z + + 25 19 6 + 12Y + + 25 6 5 1 6 20 1 + + + 11 20 1 + + + 11 20 1 + 4 + 10X + 20 1 + + + 11 20 1 + + + 11 20 1 + + + 11 20 1 + + + 11 6 1 1 5 80 How Others Scored Practice Items + 13 + + + 15X + + + 1 1 25 + 12Y + 16 + + 26 25 + 12Y + 16 + + 26 25 + 12Y + 16 + 25 + 25 + 12Y + 16 + 25 + 25 R6 + 12Y + 16 + 25 + 25 6 + 12Y + 16 + 25 + 25 6 + 12Z + + + 26 3 6 5 4 2 26 4 + 6 + + 15Z + 26 4 + + 7 + 15Z + 26 4 + + + 15Z + 26 4 + + 7 + 15Z + 26 4 + + 7 + 15Z + 26 4 + + 7 + 15Y + 17 26 4 + + 7 + 15Z + 17 6 0 5 6 2 27 4 + 5Y + 17 + 24 27 4 + 5Y + 17 + 24 27 4 + 5Y + 17 + 24 27 4 + 5Y + 17 + 24 27 4 + 5Y + 17 + 24 27 4 + 5Y + 17 + 24 27 4 + 5Y + 17 + 24 6 6 6 6 28 5X + 10Y+ + 25 28 5X + 10X+ T22+ 25 28 5X + 10Y+ + 25 28 5X + 10Y+ + 25 28 5X + 10Y+ + 25 28 5X + 10X+ + 25 28 5X + 10X+ 22 + 25 6 6 2 6 82 How Others Scored Practice Items #229 4 + + 7 + 28 #229 4 + + 7 + 28 #229 4 + 6 + + 28 #229 4 + + 7 + 28 #229 4 + + 7 + 28 #229 4 + + + 28 #229 4 + + 7 + 28 6 1 4 6 #230 + 4 + 5Y + + + 18 + + #230 1 + 4 + 5Z + + + 18 + + #230 + 4 + 5Y + 15Y+ + 18 + + #230 + 4 + 5Z + + 16 + + 24 + #230 + 4 + 5Y + + + 18 + + #230 + 4 + 5Z + + + 18 + + #230 + 4 + 5Y + + + 18 + + S263 1 6 6 1 1 5 1 1 #231 4 + + 7 + 10Z + 16 + + 22 + 25 #231 4 + + + 10Z + 16 + + 22 + 25 #231 4 + 5X + + 10Z + + 20Y + 22 + 25 #231 4 + + + 10Z + + 20X + 22 + 25 #231 4 + + + 10Y + 16 + + + 25 #231 4 + + + 10Z + + + 22 + 25 #231 4 + + 7 + 10X + 16 + + 22 + 25 6 1 1 6 3 2 5 6 1 + + 5Y + + 10Y+ + 23 + 25 + + 1 + 4 + + 7 + 10Y+ 18 + + 25 + + 38 L1 + + + + 10Z + + 23 + 25 + 32 + 1 + + 5X + + 10Z + + 23 + 25 + 32 + 1 + + 5X + + 10Y+ + 23 + 25 + + 1 + + 5X + + 10Z+ + 23 + 25 + + 1 + + 5Y + + 10Z+ + + 25 + 32 + 6 1 4 1 6 1 4 6 3 1 ore is now 26 alone. 83 33 15Y + 17 + 23 + + 38 33 15Z + 17 + 23 + + 33 15Y + + 23 + 29 + 33 15X + 17 + + + 33 15Y + 17 + 23 + + 33 15Z + 17 + 23 + + 33 15X + 17 + 23 + + 6 5 5 1 0 34 4 + + 16 + 23 + 25 34 4 + + + 23 + 25 34 + + + 23 + 25 34 4 + + + 23 + 25 34 4 + 5X + + 23 + 25 34 4 + + + 23 + 25 34 4 + + + 23 + 25 5 1 0 6 6 35 1 + 4 + 7 + 17 + + 24 35 1 + 4 + + 17 + + 24 35 1 + 4 + + 17 + + 24 35 1 + 4 + 7 + 17 + + 24 35 1 + 4 + + 17 + 22 + 35 1 + 4 + + 17 + 22 + 35 1 + 4 + + 17 + + 24 6 6 1 6 2 4 36 4 + 5Y + 6 + + + 14 + 17 + + 36 4 + 5X + + 7 + 12Y + + 17 + + 36 4 + 5X + + 7 + 12Y + + 17 + + 36 4 + 5Y + + 7 + + 14 + 17 + 20X + 36 4 + 5Y + + 7 + + 14 + 17 + + 36 4 + 5X + + 7 + + 14 + 17 + + 23 36 4 + 5Y + + 7 + 12Y + + 17 + + 6 6 0 6 3 3 6 1 1 84 How Others Scored Practice Items #237 1 + 4 + 7 + 18 + 25 + + 38 #237 1 + 4 + 7 + 18 + 25 + 35 + #237 1 + 4 + 7 + 18 + 25 + + 38 #237 1 + 4 + 7 + 18 + 25 + + 38 #237 1 + 4 + 7 + 18 + + + 38 #237 1 + 4 + 7 + 18 + 25 + + 38 #237 1 + 4 + 7 + 18 + 25 + + 38 6 6 6 6 5 1 5 #238 22 + 23 + 25 + #238 22 + 23 + 25 + #238 22 + 23 + 25 + #238 22 + 23 + 25 + #238 22 + 23 + + 26 #238 22 + 23 + 25 + #238 22 + 23 + 25 + 6 6 5 1 #239 + 9 + 12Y+ + 17 + + #239 + 9 + 12Y+ + 17 + + 444 #239 + 9 + 12Y+ + + 24 + #239 6 + 9 + + + + 24 + #239 + 9 + + + 17 + + #239 + 9 + 12Y+ + + + #239 + 9 + 12Y+ 15Y + + + 1 6 4 1 2 2 1 #240 12Y+ 17 #240 12Y+ 17 #240 12Y+ 17 #240 12Y+ 17 #240 12Y+ 17 #240 12Y+ 17 #240 12Y+ 17 6 6 cored 7E. 85 241 12Y+ 24 241 12Y+ 24 241 12Y+ 24 241 12X+ 24 241 12X+ 24 241 12Y+ 241 12Y+ 24 6 5 242 + 12Y+ + + 23 + + 445 242 6 + 12Y+ + + 23 + + 242 + + 14 + + 23 + + 44 242 + 12Y+ + + 23 + 42 + 242 6 + + + 20Y+ 23 + + 242 + 12Y+ + + 23 + + 44 242 + 12Y+ + + 23 + + 44 2 4 1 1 6 1 3 243 4 + 5Y + + 17 + 23 + 29 + 38 243 4 + 5Y + + 17 + 23 + 29 + 38 243 4 + 5Y + + + 23 + 29 + 243 4 + 5X + + 17 + 23 + + 243 4 + 5Y + 7 + 17 + 23 + 29 + 243 4 + 5Y + + 17 + 23 + 29 + 243 4 + 5Y + + 17 + 23 + 29 + 38 6 6 1 5 6 5 2 244 10Z+ 17 + 23 244 10Y+ 17 + 23 244 10Z+ 17 + 23 244 10Y+ 17 + 23 244 10Y+ 17 + 23 244 IOY+ 17 + 244 10Y+ 17 + 23 6 6 5 be scored 7E. 86 How Others Scored Practice Items + 25 + 25 + 25 + 25 + 25 + 25 + 25 6 + 26 25 + + 26 + 26 + 26 + 26 + 26 1 5 24 24 24 24 24 4 PTERS 4-8 PRACTICE STILLS 01 + 9 + + 01 + 9 + + 01 + 9 + 17 + 01 + 9 + 17 + 01 + 9 + + 01 6 + 9 + 17 + R25 01 + 9 + + 1 6 3 1 02 1 + 2 + 5Y + 26 02 1 + 2 + 5X + 26 02 1 + 2 + 5Y + 26 02 1 + 2 + 5Y + 26 02 1 + 2 + 5Y + 26 02 1 + 2 + 5Y + 26 02 1 + 2 + 5Z + 26 6 6 6 6 03 4 + 6 + 9 + + 25 03 4 + 6 + 9 + 16 + 25 03 4 + 6 + 9 + + 25 03 4 + 6 + 9 + + 25 03 + 6 + 9 + 16 + 25 03 4 + 6 + 9 + + 25 03 4 + 6 + 9 + + 25 5 6 6 2 6 04 4 + 7 + + 10Y+ 17 04 4 + 7 + + 10Y+ 17 04 + 7 + 9 + + 17 04 + 7 + + 10X+ 17 04 4 + 7 + + 10Y+ 17 04 + + + 10Y+ 17 04 + 7 + + 10Y+ 17 2 5 1 5 6 88 How Others Scored Practice Items + 17 + 17 + 17 + 17 + 17 + 17 + 17 6 + 25 + + 25 + + 25 + + 25 + + 25 + + + 26 + 25 + 5 1 + 5Y + 26 + 5X + 26 + 5X + 26 + 5Y + 26 + 5Y + 26 + 5Y + 26 + 5Y + 26 6 6 + + + + 26 + + + + 26 + 16 + + + 26 + + 17 + 25 + + + + + 26 + + + + 26 + + 17 + + 26 1 2 1 5 109 1 + 2 + 5X + 26 109 1 + 2 + 5X + 26 109 1 + 2 + 5X + 26 109 1 + 2 + 5X + 26 109 1 + 2 + 5X + 26 109 1 + 2 + 5X + 26 109 1 + 2 + + 26 6 6 5 6 110 6 + + 12Z+ 26 110 6 + + 12Z+ 26 110 6 + + 12Z+ 26 110 6 + + 12Z+ 26 110 6 + 10 + 12Y+ 26 110 6 + + 12Y+ 26 110 6 + + 12Y+ 26 6 1 6 6 111 1 + 2 + 5Z + 7 + + 26 111 1 + 2 + 5Z + + + 26 111 1 + 2 + 5Z + + 10X + 26 111 1 + 2 + 5Z + + 10X + 26 111 1 + 2 + 5Y + + + 26 111 1 + 2 + 5Z + + + 26 111 1 + 2 + 5Z + + + 26 6 6 6 0 2 6 112 6 + 12Y + + 26 112 6 + 12Z + + 26 112 6 + 12Z + + 26 112 6 + 12Z + 25 + 112 6 + 12Y + + 26 112 6 + 12Z + + 26 112 6 + 12Y + + 26 6 6 1 5 90 How Others Scored Practice Items + 6 + + + + + + + L10X+ + + + + + 11 + 15X + 6 + + + + + 6 + + + + + + 7 + + + + + + L10X+ + 2 1 2 1 1 + 5Y + 12X+ 26 + 5Y + 12X+ 26 + 5Y + 12X+ 26 + 5Y + 12X+ 26 + 5Y + 12X+ 26 + 5X + 12Y+ 26 + 5Z + 12X+ 26 6 6 6 + 5Z + 7 + + + 25 + 5Z + + + + 25 5Z + + 10X+ + 25 + 5Z + + + 11 + 25 + 5Z + + + 11 + 25 + 5Y + + + + 25 + 5Z + + + + 25 6 0 1 2 6 #117 1 + 4 + 6 + + + L20X + 25 #117 1 + 4 + 6 + 10X + + L20X + 25 #117 1 + 4 + 6 + + + + 25 #117 1 + 4 + 6 + 10X + + + 25 #117 1 + 4 + 6 + + + + 25 #117 1 + 4 + 6 + 10 + 12X + + 25 #117 1 + 4 + 6 + + + + 25 6 6 6 3 1 1 6 #118 + 7 + + 12Y+ 26 #118 + + + 12Y+ 26 #118 6 + + 10 + 12Y+ 26 #118 + 7 + + 12Y+ 26 #118 + 7 + + 12Y+ 26 #118 6 + + + 12Y+ 26 #118 6 + + + 12Y+ 26 3 2 1 6 6 #119 1 + + + + L11+ + 15Y + + 416 #119 1 + + + L10X + + + 15X + + 41 #119 1 + 2 + 4 + + L11+ + 15X + 17 + 41 #119 1 + + + + L11+ + 15X + + 41 #119 1 + + 4 + + L11+ + 15Y + + 41 #119 + + 4 + + + 12X+ 15Y + + 41 #119 1 + + + + 11 + + + 17 + 41 5 1 3 1 4 1 5 2 6 #120 1 + 2 + 5Y + 7 + + + 26 #120 1 + 2 + 5Y + + + + 26 #120 1 + 2 + 5Z + 7 + 10X + + 26 #120 1 + 2 + 5Y + + + 12X+ 26 #120 1 + 2 + 5Z + + + 12X+ 26 #120 1 + 2 + 5Y + + + + 26 #120 1 + 2 + 5Z + + + + 26 6 6 6 1 1 2 6 cored 43B. 92 How Others Scored Practice Items 25 + 25 + + 26 25 + + 26 + 26 + 26 2 4 + L6 + 14 + + + L14+ + 6 + 14 + 17 + L6 + 14 + + + 14 + + L6 + 14 + + + 14 + 3 6 1 + 11 + + + 15Y 10Y + + 10Y + + 15X 10X + + 10Y + + 15Y 10X + + 5 0 3 + 17 + 17 + 17 15X+ 17 15X+ 17 15X+ 17 + 17 3 6 25 1 + 2 + 4 + 5Z + + + L11+ 25 + 25 1 + 2 + 4 + 5Z + + + L11+ 25 + 25 1 + + 4 + 5Z + 6+ + + 25 + 25 1 + 2 + 4 + 5Z + + L10X + + 25 + 25 1 + 2 + 4 + 5Y + 6+ + + 25 + 25 1 + 2 + 4 + 5Y + + + L11+ + 26 25 1 + + + 5Z + + 10Y + + + 26 6 4 5 6 2 2 2 4 2 26 4 + + 7 + 10X + 16 + 26 26 4 + + 7 + 10X + 16 + 26 26 4 + 6 + + + 16 + 26 26 4 + + 7 + 10Y + 16 + 26 26 4 + 6 + + + 16 + 26 26 4 + 6 + + + 16 + 26 26 4 + + 7 + 10Y + + 26 6 3 3 3 5 6 27 6 + 12Y 27 6 + 12Y 27 6 + 12Y 27 6 + 12X 27 6 + 12X 27 6 + 12Y 27 6 + 12X 6 6 28 4 + 5Z + 23 + 28 4 + 5Z + 23 + 28 4 + 5Z + + 24 28 4 + 5Z + + 24 28 4 + 5Y + + 24 28 4 + 5Y + + 24 28 4 + 5Y + + 24 6 6 1 5 94 How Others Scored Practice Items + + 24 17 + 23 + + + 24 17 + + 24 + + 24 + 23 + + + 24 2 2 4 + 5Y + + 26 + 5X + 16 + 26 + 5Y + + 26 + 5Y + + 26 + 5Y + + 26 + 5X + + 26 + 5X + + 26 6 1 6 + 17 + + 17 + + 17 + + 17 + 23 + 17 + T23 + 17 + 23 + 17 + 6 3 33 1 + 4 + + 33 1 + 4 + + 33 1 + 4 + + 33 1 + 4 + + 33 1 + 4 + 7 + 33 1 + 4 + + 15X 33 1 + 4 + + 6 6 1 1 34 4 + 5Y + 7 + 23 34 4 + 5Y + 7 + 23 34 4 + 5Y + 7 + 23 34 4 + 5Y + 7 + 23 34 4 + 5Y + 7 + 23 34 4 + 5X + + 23 34 4 + 5Y + 7 + + 24 6 6 5 5 1 35 4 + 5Y + + + + 35 4 + 5Y + 7 + + T23 + 35 4 + 5Y + + + 23 + 35 4 + 5Y + + + 23 + 35 4 + 5Y + + + + 24 35 4 + 5X + + 15X + T23 + 35 4 + 5Y + + + T23 + 6 6 1 1 5 1 36 6 + 12Y + + 25 + 36 6 + 12Y + + + 26 36 6 + 12Y + + 25 + 36 6 + 12Y + + 25 + 36 6 + 12X + + 25 + 36 6 + 12Z + + + 26 36 6 + 12Y + 23 + 25 + 6 6 1 4 2 96 How Others Scored Practice Items 20X+ 23 + 25 + + 20X+ 23 + 25 + + + 23 + 25 + + 20X+ 23 + 25 + + 20X+ 23 + 25 + + + 23 + 25 + 29 + 20Y+ 23 + 25 + 29 + 38 4 6 6 2 1 + 5Z + + 5Y + + 5Z + 38 + 5Z + + 5Y + + 5Z + + 5Z + 6 1 7 + + 14 + 17 + 23 + 38 7 + + 14 + 17 + 23 + 7 + + + 17 + 23 + 38 7 + 10X + + 17 + 23 + 7 + + 14 + 17 + + 38 7 + + 14 + 17 + 23 + 38 7 + + 14 + 17 + T23+ 6 1 4 6 5 3 7 + 17 + + 24 + 38 7 + 17 + + 24 + 38 7 + 17 + + 24 + 38 7 + 17 + + 24 + 38 7 + 17 + 23 + + 38 7 + 17 + 23 + + 7 + 17 + + 24 + 38 6 6 2 4 5 #141 1 + 2 + 4 + 5Y + + 26 + #141 + + 4 + 5X + + 26 + #141 + + 4 + 5Y + + 26 + 38 #141 1 + 2 + 4 + 5Y + + 26 + #141 1 + + + 5X + 20X + 26 + #141 1 + 2 + 4 + 5X + + 26 + 38 #141 1 + + 4 + 5Z + + 26 + 38 4 2 5 6 1 6 3 #142 4 + 5Y + + + 24 + 38 #142 + 5Y + 7 + + 24 + 38 #142 4 + 5X + + + 24 + 38 #142 4 + 5Y + + 23 + + 38 #142 4 + 5X + + + 24 + 38 #142 4 + 5X + + + 24 + 38 #142 4 + 5Y + + + 24 + 38 5 6 1 1 5 6 #143 1 + 2 + 5Z + 26 #143 1 + 2 + 5Z + 26 #143 1 + 2 + 5Z + 26 #143 1 + 2 + 5Z + 26 #143 1 + 2 + 5Y + 26 #143 1 + 2 + 5Z + 26 #143 1 + 2 + 5Z + 26 6 6 6 6 #144 + + + 7 + + 12Y + 26 + #144 + + + 7 + + 12Y + 26 + #144 + + + 7 + 10 + 12Y + 26 + #144 + + + 7 + + 12Y + 26 + #144 1 + 2 + + 7 + + 12Y + 26 + #144 + + + + + 12Y + 26 + #144 + + 6 + + + 12Z + 26 + 417 1 1 1 4 1 6 6 1 cored 43B. 98 How Others Scored Practice Items + 5Y + + 26 + 5Y + + 26 + 5Z + 19 + 26 + 5Z + 19 + 26 + 5Y + + 26 + 5Z + + 26 + 5Z + + 26 6 2 6 + 17 + + 24 + 38 + 17 + + 24 + 38 + 17 + + 24 + 38 7 + 17 + 23 + + 38 7 + 17 + 23 + + 38 + 17 + + 24 + 38 + 17 + + 24 + 38 2 6 2 4 6 100 on to Other ment Systems s for measuring facial action1 by Paul Ekman nts, posture, gaze, proxemics, voice – the face is probably the most com- t confusing. In part, the face is commanding because it is always visible, no facial equivalent to the concealment maneuver of putting one's hands in ovements that illustrate speech are intermittent, the face even in repose r mood state. Many nonverbal behaviors simply do not occur when a per- For example, it would be unusual for someone to shrug or gesture hello when tion may be quite intense even when a person is alone. They are not occasioned ial situations can dampen facial expression of emotion (Ekman, 1972; Ekman & e location for the senses of smell, taste, sight, and hearing. It is the site of the food necessary to life. It is the output source for speech, and what we hear in part th the speech (McGurk & MacDonald, 1976). It commands attention ces of those we care about are hung on walls, displayed on desks, carried in wal- complex. The face can be considered as a multimessage, multisignal semiotic nly the message of individual identity, but also messages about gender and re or less truthfully, age. There are standards for beautiful and ugly, smart and Scherer & P. Ekman (Eds.), Handbook of Methods in Nonverbal Behavior Research. Cam- Reprinted with the permission of Cambridge University Press. 101 Systems m stereotypes, there have been claims for accurate information about person- nce from facial behavior. beauty, traits, etc.) have as their source one of four types of facial signal sys- tatic signs include the size, shape, and relative locations of the features and the ucture. These static signs are the likely vehicles for transmitting information sign vehicles would be the accumulation of wrinkles, pouches, and bags, t age. Artificial signs, such as cosmetics and plastic surgery, attempt to dis- include the actions produced by the muscles (typically called expressions), as skin temperature, and coloring. pon these rapid signs, in particular, the momentary movements of the face and r information about emotion and mood. Rapid signs may also be relevant ncorrect information about traits, attitudes, personality, and so on.2 Our focus in ng momentary facial movement (expressions). Later such methods will be muscular activity. & Friesen, 1968, 1969; Ekman, in press) distinguished two methodolog- ior, namely, measuring judgments about one or another message and mea- sage.3 Often either method can be used to answer a question. Take, for ions vary with psychopathology. Suppose a sample was available of facial had a diagnosis of schizophrenia or depression, and with a control group the message judgment approach, the facial movements in these interviews would be asked whether each person they viewed was normal, schizo- e accurate, this would answer the question, showing that facial expressions do ilize the measurement of sign vehicles approach, some or all of the facial some fashion. If the findings showed, for example, that depressives raised the other two groups, whereas schizophrenics showed facial movements that lso answer the question affirmatively. question, each provides different information. The message judgment m viewing a face whether a person is schizophrenic, depressive, or normal. ch, which does not determine whether observers can accurately judge this it is possible to find out exactly what differs in the faces of the two groups: Is r both, that show whether a person is depressive or schizophrenic? That cannot ver determines exactly what the observers respond to when making their judg- s provided by static, slow, and rapid signals are discussed in Ekman, 1978. f different phrases to distinguish these two approaches. In previous discussions the mes- he stimulus, communicative, or judgment approach, and the measurement of sign vehicles ndicative, or components approach. It is to be hoped that the present terms, taken from tion of these two methods. 102 9.1. Introduction nships between the outcomes of these two approaches. Consider these cases: nd positive findings with sign vehicle measurement. This suggests that peo- t know what to look for or cannot see the differences in facial behavior. Careful t have revealed hitherto unknown differences. Once known, these clues to bservers to make judgments accurately. Or perhaps the clues are such that ent accurately when viewing the behavior at real time. The differences in en without repeated or slowed viewing and precise measurement. nd negative findings with sign vehicle measurement. The positive results he facial sign vehicles, for how else would the observers achieve accuracy in thing must be faulty in the measurement of the sign vehicles. Either the tive rather than comprehensive, and there was bad luck in selecting just those nd negative findings with sign vehicle measurement. This all-too-frequent es not provide information about the topic being studied. Or something ample, there may not have been sufficient care in obtaining high agreement ients. Or perhaps the patients were receiving medications that suppressed ome does not eliminate the possibility that there were differences in facial observers did not know about or could not see (thus the message judgment faulty technique for measuring the facial sign vehicle. Was the measurement elective? If it was selective, the possibility always remains that movements - message judgment and the measurement of sign vehicle - has sometimes ervers (Rosenthal, for example, concluded there is little difference between e observers do that matters. In message judgment they make inferences about mood, traits, attitudes, personality, and the like. In measuring sign vehicles or; they count how many times the face moves, or how long a movement lasts, s or corrugator muscle. (Describing which muscle produced a movement may about a physical characteristic, not about underlying psychological are supposed to function like machines, and indeed might someday be or measuring sign vehicles that fail to remove inferences about meaning from in the evaluation that follows. studies observers typically are shown a sample of facial behavior at real time, to more natural interpersonal perception. (An exception is the use of still pho- experiments cannot claim any relevance to usual life circumstances.) In sign d and slowed-motion viewing, because the object is precise description, not e same questions, they can also answer different questions, for they focus earch is not typically focused on the face. The face is but an input, es of faces, as in the psychopathology example. In message judgment studies the face and/or on the message obtained. Questions have to do with whether a are individual differences among observers, reflecting skill, gender, personality, resented as dimensions or categories; and so on. 103 Systems ocus is upon unearthing something fairly specific about facial behavior itself, the only method that can be used to answer such questions as: wn by newborns and young infants systematic, not random, and which particular ion? To answer this question, facial behavior shown during samples taken at nt situational contexts can be measured. Then the probabilities of particular cial actions can be evaluated (see Oster & Ekman, 1978). yed to signal emphasis in conversation? Facial actions that co-occur with ver- termine if there are any actions that consistently accompany any emphasis enjoyment as compared to a discomfort smile? The particular facial actions evi- hen persons are known, by means other than the face, to be experiencing esen, & Ancoli, 1980). accompany nose wrinkling and upper lip raising versus opening the eyes and easured to identify the moments when these particular facial configurations ate activity (see Ancoli, Kamiya, & Ekman, 1980; Malmstrom, Ekman, & e full range of issues that can be addressed only by measuring facial sign ustrate the variety of questions requiring this approach. One might expect the e been followed often, as it is required for study of many different prob- udies compared to the many that have measured the messages judged when rm the latter sort of study. The investigator need not tamper with the face itself, ata are obtained quickly: One can measure observers' judgments much more low and variety of facial movement. rch measuring sign vehicles has been the lack of any accepted, standard, movement. Each investigator who has measured facial movement has , rarely making use of the work of his predecessors. Some have seemed to be the more scholarly have found it difficult to build upon the methods previ- al activity are often vaguer than they appear upon first reading. A facial action l and exactness until an attempt is made to apply that description to the flow of ns reviewed in this chapter cover a span of 55 years, from Landis's 1924 ilable from the author in late 1979. Five were not presented by the authors as re reported in the course of describing substantive results. They have been uded because he was among the first to build a measurement system based on ve findings were influential for the next forty years. Frois-Wittmann (1930) their times, but their methods and findings have been largely forgotten by the (1972) behavioral checklist has influenced those studying children from an en included because there is much interest today in measuring facial action represent all of the systems for measuring facial movement that have been derable interest and research activity. 104 9.2. The basis for deriving units etail have been omitted Discussions of facial behavior that did not report a (1970), Lightoller (1925), and Seaford (1976), all of which provided very asis of facial movement – are not included. Depictions of facial expressions ognize emotion, rather than measure facial movement (Ekman & Friesen, ators have used them to measure the face (Hiatt, Campos, & Emde, 1977). lso been excluded because observers are required to judge emotion rather ent. Unlike most message judgment approaches to the measurement of the ith training about the various clues believed to signal each emotion. There is servers actually rely upon when they make their emotion judgments, because t in the observers' inferences. Though the aim of Affex is to provide quick data n of what indeed are the facial clues to each emotion. Other techniques motion (Ekman & Friesen's EMFACS and Izard's MAX) are considered in facial appearance rather than making direct inferences about underlying w methodological features to one of the techniques here reviewed are excluded. of electromyography [EMG]] are techniques that intrude by attaching some- bject's face, or moving the subject around in front of a camera (Rubenstein, share the features of being unobtrusive; requiring a permanent visual or multiple viewing, rather than being applicable to behavior as it occurs; and behavior according to a set of predetermined categories or items. measure facial actions. Nor does it fully describe most of the measurement ole chapter, and some an entire book. (Exceptions are the techniques of hom provided little more detail than what is reported here.) Instead, the ed in evaluating any measurement technique, either one of those available or ths and weaknesses of each technique will be made evident, so that the reader for a particular research problem. Already (Scherer & Ekman, 1982) some ility and the virtues of a comprehensive measurement system. We will begin, t is at the heart of each system: How was it discovered? What basis did the echnique? ns a list of facial actions such as a brow raise, nose wrinkle, lip comers whether any action (or, with some techniques, combination of actions) is hnique describes actions and differentiates one action from another, but here uthor decided upon his or her particular list. The lists vary in number of actions appear in all techniques, other actions in only some techniques, and s behavior that is treated as a single action by one technique appears subdi- r example, raising the eyebrows is treated as one behavioral unit by some tech- - inner brow raise, outer brow raise, and the combination of inner and outer rs did not explain what they considered when they included or excluded a viding a unit another researcher had treated as a single action, or why they n by another investigator. In fact, most did not acknowledge the work of their ad invented their system and had no knowledge of differences between it and colleagues.4 105 Systems sample, setting, or persons viewed – usually said only that they looked at ns was simply the product of what they saw. Something more is needed, however, echniques, even allowing for the fact that each investigator observed a differ- ttributes were noticed when an action occurred, how the flow of behavior epended upon theoretical commitments. Only a few were explicit. and select behavior to construct a system paralleling linguistic units.5 Grant ion of measurement units according to function. This puts the cart before the constructed was to be used to discover the function of those very behaviors. most explicit in considering the anatomical basis for facial actions, nal or even the major basis for his decisions about what to include, and he did nimal units of behavior. ast to the aforementioned investigators, derived their list of facial actions s relevant to emotion, rather than from observation of some sample of behavior. hem also. Although they could find out whether the actions proposed for one emotion, they could not discover signals for emotion that they did not know also used theory about emotion signals as the basis for selecting actions to score ons were based on inspection of still photographs of posed emotions that ho made global judgments about emotion.6 ed a third totally different basis for deriving units of behavior. The measure- muscles allow the face to do. Because we all have the same muscles (for be expected to have led the investigators who followed it to arrive at the same case. For example, Landis had 22 actions and FroisWittmann 28, and yet they both s on the anatomy of facial action. In part, the discrepancies occurred because actions. Most standard, anatomy texts list many, usually not all, facial muscles and usually quite incomplete accounts of how each muscle changes appearance. on anatomy selected only some muscles, and usually did not explain the (1976, 1978) and Ermiane and Gergerian (1978) were exceptions, each anatomy allows. Both studies attempted to determine this by systematically ; Ekman and Friesen also resurrected Duchenne's (1862) technique of deter- rting a needle into and electrically stimulating muscles. niques (Ekman & Friesen; Ermiane & Gergerian; Izard's MAX) are due to obtaining reliability. Both Ekman and Friesen and Ermiane and Gergerian in appearance that are independent of each other. If a muscle contraction would these were gathered together as multiple indexes of the activity of one unit or is muscle acts, it will (1) raise the eyebrows; (2) produce horizontal furrows ts, who have a fatty pad in the forehead blocking such wrinkles); and (3) between the upper eyelid and the eyebrow). Both Ekman and Friesen and signs together as different ways of recognizing that this one action had that as part of an attempt to establish independent discovery, he deliberately did not oding System, even though it had already been published at the time when he was unt of Birdwhistell, and Rosenfeld (1982) for a critique of Birdwhistell's methods. ex or MAX) has been published as of late 1980, he has furnished information about both to anuals and illustrative material. An earlier version of MAX, FMCS (Facial Movement s and is not discussed in this chapter. 106 9.3. Comprehensiveness or selectivity and (2) of frontalis muscle activity as separate measurement units, giving each to recognize that they are signs of the same action. He ignored sign (3). ting only movements that he judged relevant to emotion. Ekman and Friesen e all the possible appearance changes that the muscles can produce. This rement unit, if use of different strands of a single muscle or different por- sibly different changes in appearance. For example, Ekman and Friesen and of different facial action units that are based on various uses of what anat- ris oris, which circles the lips. Izard included only some of these separate d specific actions that are said by many theorists to signal emotions and that emotion signals. Izard and Dougherty (1981) say that actions were dropped hat article and of earlier versions of lzard's scoring technique (FMCS) suggests of facial actions important to differentiating among emotions. m the others in another important respect. Anatomy was only part of their s. They also determined whether observers could reliably distinguish all of the s muscles. If two appearance changes could not be reliably distinguished, s were involved. If Ekman and Friesen erred, it was on the side of caution, by onsiderable training might perhaps be able to distinguish. The opposite error and by Izard. They included distinctions without reporting exploration or ould reliably be made by those who learn their system (see Section 9.7 on reli- endix compare the 14 measurement techniques on each of the criteria e basis for deriving units provides the order in which the 14 techniques tically based; then those that are ethologically based; then one that is theoreti- anatomy of facial action. ured either selectively or comprehensively. Most investigators have consid- not its intensity or its timing. Type refers to whether it was a brow raise, or an some other action. Intensity refers to the magnitude of the appearance change ing refers to the duration of the movement, whether it was abrupt or gradual in action can be selective, measuring only some of the actions that can occur, or a means of measuring all visible facial action. There are advantages and dis- selective, it is important to know what has been excluded; and if it claims to be o establish that this is indeed the case. is economy. Because only some of the mass of facial actions must be ly. Suppose an investigator wants to measure whether fear is reduced by nother. A measurement technique that allows measurement of just the occur- ns would be ideal, because it will not matter if the occurrence of anger, disgust, ven if the technique does not include all of the fear facial expressions (and at 107 Systems initive evidence about all the facial actions for any emotion), a selective tech- hat some or even most fear expressions were not scored, nor that blends of fear might be measured to show the effect. If the findings were negative, how- r the cause was an inadequate experimental treatment (in this example, the ently) or failure to measure all of the fear expressions. In such an instance the ensive technique. facial behavior for units and comprehensiveness Comprehensiveness Type of action Intensity of action Timing of action er- Not claimed to be No provision No provision comprehensive; 53 c actions Measures any child's 6 degrees of eye No provision of facial expressions; 52 openness; 4 degrees ren actions of lip separation; 2 degrees of frowns l- Not claimed to be No provision No provision comprehensive; 70 actions l- Not claimed to be No provision No provision comprehensive; 53 actions Not claimed to be No provision No provision ren comprehensive; 31 actions Not claimed to be No provision No provision s comprehensive; 35 descriptors Measures 42 facial No provision No provision configurations; selected only to be relevant to emotion in the last quarter of first year in six test situa- tions on Measures signs of just No provision Start-stop 6 emotions; 77 descriptors on Measures just actions No provision Start-stop needed to identify emotion in infants; 27 descriptors 108 9.3. Comprehensiveness or selectivity Comprehensiveness g Type of action Intensity of action Timing of action Measures all visible Four actions have Start-stop and onset-apex- movements; 44 action 3-point rating on offset units that singly or in intensity; provision to combination can rate intensity in other score any observed actions action Not claimed to be No provision No provision comprehensive; 28 descriptors Not claimed to be Amount of move- No provision comprehensive; ment in each of three absence/presence of facial areas rated 16 muscular actions Measures all visible Each action rated on No provision movements; 27 mus- 3-point intensity scale cle actions Not claimed to be Each action rated on No provision comprehensive; 22 4-point intensity scale descriptors ique and cannot be answered with a selective one. Suppose the investigator al fear, anger, sadness, and so on.7 Or perhaps he or she wishes to discover rve a linguistic rather than an emotive function, or to learn what people show sharp acceleration, or whether there are cultural or social class differences in nsive technique would have to be employed. Once there was reasonably con- n such evidence could provide the basis for selective use of portions of a com- en, and Simons (in preparation), building upon the earlier research of about the particular combination of facial actions and the timing of those ce that has been replicated by other laboratories, those interested in the startle in f Ekman and Friesen's comprehensive scoring technique. do not agree about whether there is definitive evidence regarding the particular facial otion. Ekman and Oster (1979, p. 543), in reviewing the last decade of research on this ion of whether ""facial expressions provide accurate information about the distinctions among he only evidence [indicating that] facial expressions [provide such discrete information] is es a much more positive view in describing what his measurement technique can do: ""The of all the facial movements or appearance changes that signal affect"" (p. 38). The evi- ver. One finding cited as evidence of validity is that scoring with MAX correlates with ex, but there is no validity evidence for Affex. The other validity evidence claimed is that respond to adult poses and thus identified by MAX as representing one or another emotion tions. Here the limitation in evidence is threefold: (1) Judge agreement only establishes he actions actually represent the emotions they are judged to show; (2) because the scoring of knowing whether other actions not scored might predict observers' message judgments bservers' choices were restricted, there is no way of knowing whether they would have e emotion terms, or with any emotion terms at all, if they had been allowed free description. kman and Friesen consider the startle reaction to be not an emotion but instead a reflex. s, 1962) disagree and classify startle with the emotion of surprise. 109 Systems scovery of actions that the investigator did not know about in advance and y about facial sign vehicles. A third advantage of a comprehensive technique is escriptions of facial behavior. If many investigators were to use the same ngs would be facilitated because investigators, even those who used it le list of facial actions. Investigators considering selective scoring might well e, in order to become acquainted with the entire array of facial actions, so that are choosing not to measure. facial scoring is the disadvantage of cost. It takes more time to learn a ime to apply it, for nothing (presumably) is left out hat claim to be comprehensive – Ekman and Friesen and Ermiane and Gergerian oach would be too costly if comprehensiveness was the goal. Too large a be observed to have a reasonable likelihood of achieving completeness. By omprehensiveness by exploring how each muscle works, because the muscles simple as it might first seem, because muscles can act in concert, not just sin- quence of the activity of a single muscle. Even the smile, which is principally e, typically involves two or three other muscles as well, and not every smile hat happens to appearance when muscles act in concert is not always the he components. And the activity of one muscle may obscure the presence of comprehensive technique list not simply the ways of recognizing how each single scoring the occurrence of these units of facial action when they combine in kman and Friesen technique has done so. technique measures the type of facial action is what evidence is provided to s to be. One wants to know whether the universe of facial movement can be part of the universe has been omitted. If there is uncertainty about comprehen- out just some or all actions. An empirical answer would be possible if either of kman and Friesen and Ermiane and Gergerian) had scored large samples of se ages, from various cultural, ethnic, and class backgrounds, in a wide variety as been used this extensively. termined by experimentally generating all possible permutations of facial rehensiveness of their technique by producing voluntarily on their own of facial muscular actions. These included all permutations of the actions in l of the possible combinations of two muscles and of three muscles. Although rehensive9 only time and application to diverse samples of facial behavior will idence of comprehensiveness. They determined only that their system , and a few of the combined actions of two or three muscles. row raise versus raise of the entire brow) but also in intensity. A brow raise the extent of exposure of the eye cover fold and gathering of skin on the fore- sity of a facial action may be of interest for a variety of reasons. For example, – for example, the movements of the tongue – their technique is not complete. 110 9.3. Comprehensiveness or selectivity of zygomatic major muscle action was correlated with retrospective s experienced.10 e 13 other techniques to provide for comprehensive measurement of inten- action as an all-or-nothing phenomenon, or as if there were evidence that varia- One (Grant) even confused intensity with type of action, listing as different only to variations in intensity. A few made provision for scoring the intensity recent unpublished work, Ekman and Friesen found that the logic provided in sity of four actions can be extended to the other facial actions, but evidence ns can be made reliably for all the actions in their technique. g point. It is often more difficult to ascertain the exact determination of these (see the discussion of timing in Section 9.6 below). From start to stop, other tart until the movement reaches a plateau where no further increase in muscular end of the apex to the point where the muscle is no longer acting tion but in smoothness; for example, an offset may decline at a steady rate, or y be steady or there may be noticeable fluctuations in intensity before the arate actions that compose a facial expression do not start, reach an apex, pression, such as surprise, the raising of the eyebrows may reach an apex set. e counts of the occurrence of particular actions may be sufficient, without mea- vestigator may want to know only how often or for how long a person raised e lip comers. Even when interest is limited to simple summary measures of the tionale for using frequency rather than duration measures (which require stop- requency count will underrepresent those actions which go on for long peri- actions. zardous regardless of whether frequency or duration is measured. Nose wrin- en it occurs in overlapping time with a lower lip depression (disgust) and mentarily while the lip corners are pulled upwards (an action that Ekman and entuate a smile). A pulling down of the lip corners may signify sadness when rows with drooping upper eyelids. When this same action occurs with the up it may be a disbelief gesture. These interpretations, which have not all been f actions is measured. What evidence does exist (Ekman & Friesen, 1978) sug- as if each action can be counted separately, as if each action has an invariant p in time. elated with retrospective self report, and the highest correlation was obtained with a score uration. 111 Systems s (what is usually meant by an expression) requires at least a determination nation of the stopping and starting points of each action. Ekman and Friesen the apex that is crucial to determining whether actions that co-occur are orga- expression. Their reasoning is that when one action begins (onset) while another that they have been centrally directed as part of the same signal. Suppose, for he apex of brow lowering, tightening and pressing together of the red parts of n and Friesen have hypothesized that these elements compose one of the anger tions would support their notion that an anger signal had occurred and that tallied separately. Let us suppose that there was also a nose wrinkle, with an and Friesen suggest that this would be a blend of disgust with anger. If the er actions were in offset, they suggest that it be characterized as a sequence of otheses requires precise measurement of onset, apex, and offset. quire comprehensive measurement of the timing of facial actions. For exam- e occur before or during an increase in loudness in speech or a deceleration in reparation) have found that onset time is crucial in isolating from idiosyn- which always occur in unanticipated startle reactions. Only actions that began cipated startles; offset time did not distinguish the idiosyncratic from uniform time, rather than onset, may be crucial; for example, Ekman and Friesen (1975, occur more often in deceptive than in felt emotional expressions. ocedures for measuring starting and stopping points and totally ignore onset, ed usually consists only of frequency counts. Ekman and Friesen's technique hese different aspects of timing. In a study now in progress these authors are ch comprehensive measurements of timing with a more economical frequency ing System (see Section 9.9). depict clearly what is referred to by a facial measurement unit. Some authors did rs to try to use their methods. Regrettably, this lack of clarity also has caused ults. Take the example ""down comers mouth,"" which is found in the measure- nd Humphries (1972), Grant, and Nystrom. Does this phrase describe en pulled down? Or those in which the mouth corners are down because the e middle? Or does it refer just to expressions in which the mouth corners are been raised? Or is it all of them? measurements were depicted in each of the 14 techniques. The chapter appen- ow raise) was depicted by each technique. ribe each measurement unit. Some supplemented this description with a few t beyond this step to provide more thorough illustration of each unit. Ekman d's MAX technique all provided visual illustrations of every measurement anatomical basis of each action, Ekman and Friesen and Ermiane and Gerge- Gergerian provided still photographs of each action and combination con- and drawings; and Ekman and Friesen provided still photographs, cinema, 112 9.5. Separating inference from description sted in inferring something about the signal value or function of facial nferences should not be intermixed with descriptions in their measurement noninferential terms that describe the behavior, so that inferences about sequent actions can be tested by empirical evidence. ake the measurements quite misleading. Few single-muscle actions have an o-called frown (lowering and drawing the brows together). This action is not upon the timing of the action, what other actions co-occur with it, and the sit- rent matters. It would be misleading to be identifying the occurrence of a frown ation, or conversational emphasis. ces cannot be eliminated, but they need not be encouraged or required. If ws being lowered and/or drawn together, the scorer may still make the inference man and Friesen (1978) reported that when people use a measurement tech- sses the scorer increasingly focuses on the behavioral discriminations and is behavior. Although there can be no guarantee that inferences are not being r encourage nor require inferences about meaning by the terminology or ing facial behavior: unit depiction,inference/ and application Types of records and persons to which each unit is Use of inference or measurement has been description applied words Mixed: e.g., pout, smile, sneer Not known iption of changed Mostly description but a few Infants and children f features, a few inferential terms: e.g., frown, illustrative pho- pout iption Mixed: e.g., wry smile, angry Children and adults frown, sad frown, threat rbal description, Mixed: sad frown, aggressive Children and adults frown, smile, sneer, etc iption; compared Mostly description but a few Children urton Jones inferential terms: e.g., pout, frown, grin iption Description Neonates iption Mixed: fear face, sad face, shy Infants in last quarter of first smile, etc. year 113 Systems Types of records and persons to which ch each unit is Use of inference or measurement has been description applied s of descriptor Description Video and still photos of adults' posed and spontane- ous expressions cription, photos, Description Video of infants and video cription, still pho- Description Spontaneous, deliberate, and inema illustrations posed video and photos of tion and certain neonates, children, adults, ns of actions deaf stut terers, mental patients cription; very brief Only one inferential term: Still photos of poses by one frown adult cription; very brief Description Films of poses by blind and sighted children cription, still photos Description Adult poses and patients' spontaneous photographs cription Description Neonates heir hypotheses about the signal value of facial actions from the descriptive measure facial behavior. Ermiane and Gergerian intermixed inferences about necessary to learn their descriptive system. Theirs is the only technique to tions are indicative of specific personality processes and types of psychopa- gan and Humphries, Grant, McGrew, Young and Decarie (1977), and Frois- nal terms (e.g., frown, smile, sneer, angry frown) mixed in with nt from the chapter appendix, because not all who mixed inference with theses about the emotion signaled by particular facial actions. Ekman and ombinations of units they considered as emotion signals; 1,000 such predic- m, and more than 2,000 more are contained in a forthcoming report (Friesen & only those facial actions which, he claims, distinguish among the emotions. s wrong, that he has excluded a number of actions relevant to emotions. For i superioris caput infraorbitalis, an action relevant to both disgust and anger, kman, Friesen, and Ancoli (1980) found that bilateral evidence of this muscle gust. Ekman and Friesen also found that when this action is accompanied by the other action ignored by Izard), the signal changes from disgust to anger. These Izard chose his actions on the basis of what he observed in a set of photographs easurement has been applied 114 9.7. Reliability hey can be used with motion records, most have not dealt with the complex- motion record reveals. These investigators may never have been confronted with sed expressions were measured (as in the case of Ermiane & Gergerian), vari- rs generally try to perform all the required movements at once, in overlapping eld apexes, and abrupt short offsets. Variations would not be apparent, nor gator who used his or her method only to score still photographs also might cause the camera shutter freezes all action. Though Izard has scored some brief segments of videotape to score, segments in which the infants seemed to se in posed photographs of adults. Thus he has not dealt with the complexities ators may have failed to consider the timing of facial movement because they s the behavior occurred, and even if they had videotape or film, they may not ted replay. to make use of motion measuring the timing of facial actions whenever they strictly descriptive approach; or interrelate facial activity and some other body movement, etc.); or distinguish configurations in which the temporary ests that they be considered parts of the same signal or expression. (See the quire measurement of timing in Section 9.3.) be applicable to the study of individuals of any age, by making provision for or the aged. The appearance of certain facial actions is quite different in neo- hildren and adults. Oster (1978; Oster & Ekman, 1978), who worked with the development of their measurement system, has studied the neuroanatom- ovided (Oster & Rosenstein, in preparation) a set of transformations for utilizing nd infants. Izard's MAX technique is specifically limited to measuring eneral descriptions of potentially confusing infant-adult differences. No other ot even those who measured young infants and neonates. ial activity in quite elderly people, because age signs may necessitate some akes in identifying certain actions. No one has considered this. ologists. To some anthropologists and sociologists the quest for reliability has hologists from the real problem at hand. For example, Margaret Mead, in the ... are more interested in validity and reliability than in what they are actually nt system cannot be shown to be reliable, there is no way of knowing whether m recognizes the same facial action when it twice occurs. The need to demon- t with facial behavior. For here there is an enormous variety of behaviors that who have observed facial actions have produced very different catalogs. e argued that if the same finding is obtained in two independent studies, surement technique was reliable. This reasoning should not be applied to the been completely contradictory reports by different investigators (e.g., the tell and Ekman). If we knew that Birdwhistell and Ekman had each used a he same one), at least we could be certain about what was seen, and search pretation as sources of their disagreement. When a measurement technique is 115 Systems , it is especially important for its originator to demonstrate that he or she as o Section 9.1, where reliability was discussed in the context of the relationship dies and measurement of sign vehicle studies.) bility, for it is not a simple matter to establish. A number of requirements can n overall index of agreement, should provide data to show that high agreement facial actions. Typically, some actions are easier to recognize than others. scoring of each facial unit, it is not possible to evaluate which discriminations om the measurement of spontaneous, not just posed, behavior, and from the ord, not just from still photographs or slices abstracted from video or cinema, a) infants, (b) children, (c) adults, and (d) aged populations, because reliability lity on the others. n behavioral measurement, whether it be of face or of body, is the failure of ly this occurs when an action is small in size. This source of disagreement a threshold that must be surpassed for the action to be scored. Specifying min- scoring to subtle signs and provides explicit bases for decisions about when uous. A technique that provides such threshold definitions should therefore or the person(s) who developed the technique, but also for learners who did not rement. Data about the range of reliabilities achieved by new learners should enced or expert scorers. A technique will be more generally useful if it can truction from the developer. This usually requires a self-instructional set of nswers, and a final test for the learner to take. oring of not just (a) the type of action, but also (b) the intensity of actions and report data on any aspect of reliability. The other 9 provided fairly sparse kman and Friesen and Izard. Even these techniques did not meet all the require- fic reliability requirements met by each technique. uring facial behavior: reliability and validity Validity Descriptive Emotional Conversational Other None None None None 116 9.7. Reliability alidity escriptive Emotional Conversational Other None None None None None None None None None None None Predicts severity of mental illness, but no data reported None Spontaneous None Predicts gender differences & rela- tion to agonistic interaction None None None None None Spontaneous, but None Said to differenti- no data reported ate infants' response when mother departs and when she frus- trates, but no data reported None Posed and sponta- None Predicts attri- neous: positive vs. bution of emotion negative, stressful vs. neutral film conditions; differ- entiates patterns of heart rate None Posed None Provides prelimi- nary data on rela- tions to vocalization and body movement in infants 117 Systems Validity Descriptive Emotional Conversational Other Meets performed Posed and sponta- Measures syntac- None actions and EMG neous; measures tic and emphasis criteria intensity and type signals of emotion; dif- ferentiates startle reaction; differen- tiates certain deliberate from spontaneous expressions None Posed None Predicts develop- mental changes; compares blind and sighted None Posed None None None Posed None None None None None Predicts individ- ual differences None None None None ure facial movement entails questions on a number of levels. Most specifi- idence that the technique actually measures the behavior it claims to measure. e, are the brows actually raised, or is it just the inner comers that are raised? sity of an action, such as whether the brow raise is slight, moderate, or known differences in the intensity of such an action? The problem, of curs, what criterion to utilize independently of the facial measurement tech- : esen trained people to be able to perform various actions on request. Records wledge of the performances requested. Ekman and Friesen's Facial Action d the actions the performers had been instructed to make. 118 9.8. Validity Friesen, in collaboration with Schwartz (Ekman, Schwartz, & Friesen, in prep- ces of performers while the performers produced actions on request. Utilizing rom the EMG placements as the validity criterion, they found that FACS scoring the type and the intensity of the action. (This study is described in more es about the particular facial actions that signal particular emotions ins; Ermiane and Gergerian; Izard). For these techniques it is appropriate ut the answer does riot pertain to the validity of the techniques, only to that of found to signal emotion were exactly the opposite of what had been hypoth- ch evidence would not show that the technique was invalid, only that the y that the hypotheses were wrong would itself require that the technique mea- tudy not only failed to support the investigator's hypotheses about the actions re no facial actions related to emotion. If one could discount the possibility havior, this might suggest that the facial measurement technique was not rel- t those facial behaviors which are unrelated to emotion. Another technique r might uncover the actions related to emotion. e and Gergerian) claim not to be specific to the measurement of any one of general utility, suitable for the study of any question for which facial move- valuated by evidence that the technique has obtained results when studying own to be able to differentiate poses of emotion or judgments of emotion d Tomkins; Ermiane and Gergerian; Frois-Wittmann; Fulcher; Izard. In the s not possible to know whether there might have been other facial actions not have predicted the emotion poses or judgments just as well or better. The two and Ermiane and Gergerian – provided that information. They were able fied as emotion-relevant, not other movements, that were signs of particular icted not only which emotion was posed or judged, but the intensity of . Although they may resemble spontaneous facial expressions in some respects t they are likely to be easier to score. The onset may be more coordinated and intense or exaggerated (see the discussion in Section 9.6). Evidence that a ot rest just upon measurement of poses; it is necessary to determine that the pontaneous emotional expression. ve shown the validity of Ekman and Friesen's FACS in measuring the ons. Ancoli (Ancoli, 1979; Ancoli et al., 1980) studied autonomic nervous a pleasant or stress-inducing film. A different pattern of ANS response he times in each film viewing period when the face registered maximal emo- ta, Ekman et al. (1980) found that FACS accurately predicted the subjects' ret- ence while watching the films: the intensity of happy feelings, the intensity of tensity of the emotion disgust. Ekman, Friesen, and Simons (in preparation) dif- signify a startle reaction from the emotional reactions subsequent to being star- time were crucial to this distinction. They also were able to differentiate a Ekman, Hager, and Friesen (1981) examined the differences between deliber- 119 Systems al expressions. Scoring the intensity of each specific facial action on each facial movements were asymmetrical more often than spontaneous emotional ntense on the left side of the face for the deliberate, but not for the spontane- ilized FACS to measure facial actions during conversations among stutterers al actions specified in FACS as relevant to anger occurred more often among able evidence that the other facial measurement techniques listed in Table 9.3 expressions. technique to study infants. He found that observers scoring brief segments cted to correspond to adult posed expressions could reliably identify the ows that his technique can be used to identify at least those particular expres- r. At this point, however, there is no evidence to support Izard's claim that is experiencing a particular emotion or blend of emotions. Because Izard has ehensively, he cannot even specify how representative the selected expres- ven age and in a variety of situations. ed more complete information about the range of facial muscle activity g infant's capacity for coordinated facial movement. Unlike Izard, she began ut by analyzing the configurations and sequences of facial actions actually ns. Oster found that almost all of the single facial actions included in FACS are nations of facial action common in adult facial expression can be observed in erved in young infants. Oster (1978; Oster & Ekman, 1978) has argued that ing and signal function of infants' facial expressions is by a detailed descrip- ng the timing and sequencing – combined with a thorough functional analysis context. Though far from complete, Oster's work has provided evidence that in young infants (e. g., smiling brow knitting, pouting) are not random but f facial muscle activity that are reliably related to other aspects of the infants' care giver, motor quieting or restlessness, crying). Such relationships can pro- ate and cognitive processes. ul in studying facial actions that play a role as conversational rather than differences in the syntactic form of questions that do and do not contain ers."" Ekman, Camras, and Friesen (in preparation) found that the semantic is used to provide speech emphasis. Baker (1979) used FACS to measure the ey sign. She has isolated particular combinations of facial actions that appear r facial measurement technique to differentiate personality and psychopa- evidence. There is no evidence that any of the other facial measurement tech- onal characteristic. nversational signals, with examples of how the same eyebrow movements can play either 120 9.9. Costs nt techniques was not included in Table 9.3 because Ekman and Friesen was time costs for learning to measure and for scoring a specified sample of o learn FACS. More than half of that time is spent scoring practice materials ACS at the end of each chapter in the instructional manual. Ekman and Frie- hieve high reliability if they skip such practice; they do know that high reli- nal steps were followed. once it is learned are much more difficult to estimate. For FACS and proba- on how densely the facial behaviors are packed in the time sample to be in which FACS is used to measure all visible facial activity in a 15-second e if only one or two easily distinguished actions occurred and the investigator each action. It could take as long as 10 hours, however, if the behavior was as ty of deaf persons signing, and if onset-apex-offset was scored for every action. r instances in which facial behavior is so densely packed over so many sec- ng is done, the costs are lower. Presume that the investigator wants to score of disgust, and he or she selects the actions listed in the Investigator's Guide to dicted to be prototypic for that emotion. A 2:1 ratio, 30 seconds of scoring probably a reasonable estimate. more economical system for measuring the occurrence of single emotions, ered to be the most common signs of anger, fear, distress and/or sadness, ness are noted. In what they call EMFACS (EM standing for emotion), time is action, but only to whether a member of a group of specified actions occurred. ogether that Ekman and Friesen consider relevant to disgust. EMFACS does wrinkling plus upper lip raising plus lower lip depression, nose wrinkling of these is seen, a check is made for that grouping. All actions not in one of the gh intensity is included in the requirements for particular actions within a f the lip comers with slight pushing up of the lower lip is included in the sad erate or strong they are not included. ly a frequency count is taken. EMFACS takes one-fifth the time of FACS, but s already discussed in detail for selective as compared to comprehensive mea- d Friesen's EMFACS. It, too, groups actions presumed to be relevant to the ring the timing or the intensity of action. Unlike FACS, it requires the ace separately, and admittedly, it includes in some regions changes in appear- on. By contrast, FACS and EMFACS alert the scorer to all the appearance Rather than inspecting an arbitrary division of the face in three regions, the those changes. Izard's MAX technique was developed by collapsing some of the technique, but FMCS was itself selective, not comprehensive. 121 Systems and other selective techniques is that what has been excluded is exactly esen will compare the validity of EMFACS with FACS scoring of the same ained during interviews with depressed patients. This study will show how the terviews at the time of admission to a mental hospital from interviews at time diagnosis and in relationship to patients' self-reports of affect and mood. t he work of Schwartz, Fair, Salt, Mandel, & Klerman, 1976a, 1976b) used sur- ion to emotion. In this procedure, quite small electrodes, about 1 cm. in diam- , which is first prepared by a slight scraping and application of paste or solution s are run from the electrodes to the recording machine. Four methodological ent of facial activity. y itself inhibit facial activity. Movement of the head may loosen the electrodes, revent these problems, subjects usually have been studied in isolation, or at ation. Typically, subjects have been measured when trying to pose, imagine, nal experience. Even in these situations, if a subject makes a large expres- ectrode in place pull or tear. The use of surface EMG probably thus inhibits large t explicitly do so by instruction or by choice of task for the subject to per- about just what is being measured by surface EMG. Placing leads on the sur- for most facial areas, of picking up activity in more than just the muscle tar- n one muscle in most of these facial areas, and often their fibers interweave or stigators using surface EMG have usually been careful to talk about a region ch of their interpretation assumes success in isolating the activity of specific with Schwartz (Ekman, Schwartz, & Friesen, in preparation), found that in uscles other than corrugator itself was recorded by the electrode placed in this erioris alaeque nasi; frontalis, pars medialis. The activity of these other muscles , and they can be distinguished from each other, but these distinctions require d in adjacent facial regions. Another way to obtain measurement of specific e, a procedure which though not as painful as it sounds, is not practicable for measurement of more than just one or two emotional states – is fundamen- st emotions cannot be identified by the activity of a single muscle. Happiness dence (Ekman et al., 1980) suggests that the differentiation of felt from sim- olled happiness, and of slight from extreme happiness requires measurement asured by the activity of two muscles, and surprise by the activity of three. muscles need to be measured. There are limits, however, to the number of – limits dictated both by the necessity of monitoring so many channels of activ- tigator can paste on someone's face without being totally outrageous. The not likely to allow more than either the gross distinction between positive one or two emotions for study. (Just such findings have been reported for imag- ne-wire EMG does not seem a method that lends itself to the study of situa- 122 9.10. Other techniques for facial measurement about the occurrence of three, four, or more emotions, especially if the anifestations of each emotion and blends among them. And, of course, EMG iveness and limitations on the potential for movement. common to studies using EMG to measure facial behavior. There is no stan- ying exactly where to place an EMG electrode in order to detect activity in a rs know roughly where each muscle is located, there is considerable latitude hout rather precise guidelines about electrode placement, research is vulnera- electrode placement within and between subjects. hether there is more or less activity in the zygomatic major region on the ned might not be due to the greater involvement of the right or left hemisphere rences in placement of the EMG electrode in relation to the muscle mass on designs, in which, for example, a measure of zygomatic major was correlated vulnerable to error owing to electrode placement. These problems can be cir- hich EMG activity is compared in two or more conditions for each subject. , and the leads must be placed on the face more than once, variations in introduce errors. Miller (1981-1982) has solved this problem by devising a epeatedly to ensure that electrode placement is identical on different occasions. rtain methodological studies of facial behavior. Mention was made earlier of stimulate and record facial movement in order to discover how the muscles be used to help teach people how the muscles work as part of the process ure such as FACS. Surface EMG can also be used to calibrate and investi- As mentioned earlier, Ekman and Friesen, in joint work with Schwartz n), verified that the intensity scoring embodied in FACS is reliably related to ly skilled in the ability to activate specific muscles (Ekman and Oster) moved ended intensity levels, while a video record was made and surface EMG was highly correlated with the EMG readings (Pearson r = 0.85). Figure 9.1 he relationship between EMG measures of electrical activity and FACS scor- c muscle. ot for such methodological studies, but for measures of phenomena that are niques based on visible movements. Ekman, Schwartz, and Friesen (in prepa- iable electrical changes associated with muscle tonus changes that are not visi- (corrugator and frontalis, pars medialis), there were significant changes in n the performer was instructed just to think about each muscle. This study muscle tension, measurable by EMG, when there is no movement. The persons muscle had been tensed when they could not see any movement. Some- s no basis for the guess. At other times there seemed to be evidence of very es showed that when these guesses were correct – when the scorer predicted though no movement was visible – there was a greater increase in EMG ing nonvisible changes in muscular tension, and for measuring changes ment but bulging of the skin and would be hard to measure with any of the 123 Systems FACS and EMG measurement of performances of (frontalis, pars medialis) for measuring changes in the contour of different facial features (lips) or r places a grid over each film or video frame in order to measure angles and area study changes resulting from muscular tension, blood flow gravity changes, nique appears promising for study of changes in appearance that are too small the techniques designed to measure movement. There is little reliability or the technique may be quite limited in its application, because only frames in the same can be compared. that have not been systematically measured, that is, perspiration, blushing, and sured, but no one yet has done so systematically. ques for only one type of signal: rapid, not slow or static. Among these, ment – has been considered. Most of the studies that have used one or another oncerned with only one of the many messages rapid signs may convey: e research will expand to consider other messages and to develop methods ent, as well as the variety of slow and static signals. tly – those of Ekman and Friesen, Ermiane and Gergerian, and Izard. The the study of any message, not just emotion. The availability of these techniques movement. Wedding such studies of facial sign vehicles to studies using the hould allow discovery of the particular actions that form the basis for cor- 124 pendix. How the facial action brow raise is described in each of the 14 measurement techniques dge facial expression. These techniques may also allow discovery of particu- known or even knowable by the usual observer, movements that are too subtle een once at real time. surement techniques, then the techniques themselves may well not survive: As become possible to improve, modify, or replace the techniques now in use. The ter, however, should endure as guidelines for what to consider in developing cial movement. s described in each of the 14 yebrows which can be rather difficult to judge on photographs because of the individual ows. One or more of the following criteria could apply: a) The height of the brow above the the width of the open eye. (Fig. 3a measure B equal or greater than A). b) Horizontal lines c) There is an enlarged area between the brow and the eyelids which is often highlighted ss sharp fall from the brow into the eye socket (orbit) because the brow is raised beyond the Therefore there is less shadow between brow and eye than usual e) The shape of the eye- are raised (but they are not curved when the brows are slanted or oblique as well as action of the frontal belly of the occiptofrontalis, which can occur simultaneously with cor- hus many oblique brows were also scored as raised. , at least briefly, in the raised position. They are not drawn in towards the midline and are ed position for an appreciable time (see plate 10A). . They seem to have an attractive function, drawing the attention of the other person to the timing of speech. te scoring items in his technique.) 125 Systems g them a curved appearance and creating horizontal creases on the brow. There is no cal furrow. sparkling, wrinkling at the comers and forming of pouching under the eyes. Blinking ly held in its regular forward position. Visual fixation on a specific target is characteristic of al face score. No provision is made for scoring if the brow raise action occurs without the tem. The authors' Facial Affect Scoring Technique contains only visual, not verbal, descrip- Movement Coding System) l shape. The forehead shows some thickening and the tissue under the eyebrows some ng raised. The thickening or massing of tissue in the forehead gives way to long transverse is narrowed. The skin directly below the eyebrows is stretched upward. h appearance. The furrow above the eyelashes of the upper lid may be visible. The wid- ught about mainly by the eyebrow raise of code 20 that lifts and stretches the tissue between is not raised. The artist's drawing for 20 also illustrates 30. s action in addition to the artist's drawing.) System) ea which raises the eyebrows. The medial (or central) portion of this muscle (Action Unit portion of this muscle (AU 2). The photograph on the left in Figure 2-1 shows the muscular e right in Figure 2-1 shows the direction in which the muscle pulls skin when it contracts. art of the brow and center of the forehead upwards. The movement of AU 2 pulls the rtion of the forehead upwards towards the hairline. The combination of these two actions er comers (Action Unit 2) of the eyebrows [2] producing changes in appearance which are ral) upwards. pe of the eyebrow. horizontal wrinkles appear across the entire forehead. The wrinkles may not appear in 126 Appendix. How the facial action brow raise is described in each of the 14 measurement techniques is more apparent. es) the stretching of the eye cover fold reveals their upper eyelid, which usually is con- photograph of a neutral face. o do 1 + 2 earners how to perform each action so that they can utilize their own facial actions to he face.) eyebrows up, both ends as high as you can. Note the wrinkling in your forehead. In some skin is still bunched up. In some people these wrinkles are permanently etched (see photo- when 1 + 2 acts. he MANUAL for scoring AU 1 alone and those for AU 2 alone are altered significantly in so meet the additional requirements: ching reaching across forehead. If horizontal wrinkles are evident in the neutral face, light. ver fold than in neutral. or (4) If there is no wrinkling or bunching in the brow, but the brow marked, you can score 1 + 2. terms slightly, marked, extreme, and maximal is defined visually in both photographs and he forehead transversely. d emotionality. A few photographic illustrations show this action.) of the forehead, the contraction of which produces transverse wrinkles (""the wrinkled 127 Systems d by a grant from the NIMH, MH 11976; a Research Scientist Development Award, MH arry F. Guggenheim Foundation. I am grateful to Wallace V. Friesen, Joseph C. Hager, l suggestions and comments on earlier drafts. erns of emotion. Unpublished doctoral dissertation, University of California, San Fran- ysiological differentiation of positive and negative affect. Paper presented at the annual erica, Colorado Springs, 1980. Language signal. Paper presented at the NATO Advanced Study Institute on Sign Lan- . ashington, D.C.: Foreign Service Institute; Louisville: University of Louisville Press, 1952. ity Microfilms, Inc., 313 N. First St., Ann Arbor Mich. Partly reprinted as an appendix to delphia: University of Pennsylvania Press, 1970. cribing facial expression in children Human Biology, 1971, 41, 365-413. onverbal behavior, a means of communication. In N. G. Blurton Jones (Ed.), Ethologi- mbridge University Press, 1972. en in a conflict situation. Child Development, 1977, 48, 1431-1435. aterality. Psychophysiology., in press. maine; ou,, Analyse electrophysiologique de expression des passions. Paris: Bailliere, nd verbal behavior during interviews. Journal of Abnormal and Social Psychology, 1964, ct by head and body cues. Journal of Personality and Social Psychology, 1965, 2(5), s in facial expressions of emotion. In J. Cole (Ed.), Nebraska Symposium on Motivation ress, 1972. Sight, sound and sense. Bloomington: University of Indiana Press, 1978. ational signals. In M. von Cranach, K. Foppa, W. Lepenies, & D. Ploog (Eds.), Human ess, 1979. 09, 833-834. al emphasis signals. Manuscript in preparation. 128 References r in psychotherapy research. In J. Shlein (Ed.), Research in Psychotherapy (Vol. 3). ociation, 1968. nonverbal behavior. Semiotica, 1969, 1(l), 4998. ce: A guide to recognizing emotions from facial clues. New Jersey: Prentice-Hall, 1975. movement. Journal of Environmental Psychology and Nonverbal Behavior, 1976, 1, n Coding System: A technique for the measurement of facial movement. Palo Alto, Calif.: l signs of emotional experience. Journal of Personality and Social Psychology, 1980, motion in the human face: Guidelines for research and an integration of findings. New Ekman, Ed., Cambridge University Press, 1982). itive controls of the startle reaction. Manuscript in preparation. Facial Affect Scoring Technique: A first validity study. Semiotica, 1971, 3, 37-58. e symmetry of emotional and deliberate facial actions. Psychophysiology, 1981, 18, emotion. Annual Review of Psychology, 1979, 30, 527-554. ectrical and visible signs of facial action. Manuscript in preparation. expressions; Album des expressions du visage. Paris: La Pensee Universelle. 1978. g facial act tion. Book in preparation. pression. Journal of Experimental Psychology, 1930, 13, 113-151. in blind and seeing children. Archives of Psychology, 1942, 38(272), 1-49. 969, 4, 525-536. ise, and happiness: The patterning of facial expression in infants. Paper presented at the Development, New Orleans, 1977. e. Lund: Studentlitterature, 1970. [FMCS.] Unpublished manuscript, 1979. (a) l movement coding system. [MAX.] Unpublished manuscript, 1979. Available from f Delaware, Newark. (b) entary systems for measuring facial expressions in infants and children. In C. E. Izard ldren. Cambridge: Cambridge University Press, 1981. 129 Systems ace-to-face interaction: Observations on the development of a methodology. In K. R. s in Nonverbal Behavior Research. Cambridge: Cambridge University Press, 1982. n von Stotterern. Schweizrische Zeitschrift fur Psychologie und ihre Anwendungen, 1978, I. General behavior and facial expression. Journal of Comparative Psychology, 1924, 4, n. New York: Holt, Rinehart & Winston, 1939. acial expressional features: A complex mathematical description. 1979. Unpublished iolus and muscles surrounding the rima oris with some remarks about the panniculus adipo- utonomic changes with facial displays of surprise and disgust. Paper presented at the tion, Portland, Oreg., 1972. en's behavior. New York: Academic Press, 1972. seeing voices. Nature, 1976, 26(4), 746748. ion, ed. by P. Ekman. Journal of Communication, 1975, 25(1), 209-213. f neuromuscular function. In E. Harvold (Ed.), Hemifacial microsomia and other related Monograph, 1981-1982, No. 1. ing during sleep: 1. Description and reliability of observation. Psychological Research opment. In M. Lewis & L. A. Rosenblum (Eds.), Affect development. New York: Plenum, ild development. In A. Coffins (Ed.), Minnesota Symposium on Child Development (Vol. movement in infants. In W. V. Friesen & P. Ekman (Eds.), Analyzing facial action. Book and orientation. In K. R. Scherer & P. Ekman (Eds.) Handbook of Methods in Nonver- University Press, 1982. n K. R. Scherer & P. Ekman (Eds.) Handbook of Methods in Nonverbal Behavior ess, 1982. ive method in the quantitative evaluation of emotional change. Behavior Research Meth- sues in studying nonverbal behavior. In K. R. Scherer & P. Ekman (Eds.) Handbook of ridge: Cambridge University Press, 1982. 130 References el, M. R., & Klerman, G. L. Facial expression and imagery in depression: An electromyo- 38, 337-347. (a) el, M, R., & Klerman, G. L. Facial muscle patterning to affective imagery in depressed and 238), 489-491. (b) escribing facial behavior. Paper presented at the meeting of the American Anthropological s. Vol. 1: The positive affects. New York: Springer, 1962. d catalogue of facial/vocal behaviors in infancy. Animal Behavior, 1977, 25(1), 95-107. 131 Systems 132 ent Units thers for Measuring Facial Actions Visually1 by Joseph C. Hager on of facial appearances constitute the most frequent and useful technique for veloped, however, have different units with varying characteristics. In this s for facial measurement and show the relationship of categorical units listed by isely describe and quantify facial muscular actions are essential for exploring nd emotion, nonverbal communication, personality, neural activity, etc. A Fridlund, Ekman & Oster, 1985) has fostered searches for improved measurement techniques. This article examines units of measurement that categorize rance. To aid detailed comparison of units, Appendixes A and B show the rela- ds. Only methods of measuring quickly occurring facial changes, or ""rapid here; I do not consider methods for assessing slower changes arising from aw, & Pittenger, 1980). ir characteristics and correspondence across methods. More general aspects sed here, in part, because Ekman (1982 – as Chapter 9 in this Guide) pre- urement methods on general characteristics such as theoretical rationales; of methods in capturing possible behaviors, timing, and intensity of ions; reliability; and validity. All the measurement methods translated here in ables, to which the reader should refer for a complementary analysis. efinitions, not empirical comparisons (this distinction is discussed in detail ng units, I first examine the rationale for categorical units and their impor- ement units to show that they can extend the power of categories and to com- s. A discussion of comparing and translating categorical units follows. the appendixes. eared in Behavior Research Methods, Instruments, & Computers, 1985, 17(4), 450-468. Ekman, Robert Levenson, Wallace V. Friesen, and anonymous reviewers for reading pre- 133 or expressions use a set of categories to distinguish among visible facial orehead might be categorized as ""raised brows"" or ""puzzled frown""; a move- n of zygomatic major or triangularis. The emphasis on visible appearances in facial expressions is related to their value as social signals, and the visual significance in this regard. The complexity of expressive configurations and stigators seeking alternatives to the human visual and nervous systems for cat- ment units) reflects the limitations of known quantitative continua for dis- activities and patterns. Some quantitatively oriented psychologists (e.g., Nun- ld be considered a way to identify or describe rather than to measure. Yet, in al versus scalar units as the basis for measurement is related more to the roperties of the measurements. Many of the important aspects of facial itative differences that can be detected visually. The need for quantitative or owever, as new questions arise about the relation of facial expression to al feelings (Schwartz, Ahern, & Brown, 1979; Ekman, Friesen, & Ancoli, , the visual and social aspects of expression become less important, and d facial muscles become more important. ment units, categorical units represent what happens qualitatively in the al precursors to quantifying how much happens. Although categorical units do cept binary presence or absence), frequency counts, rates, and durations of cat- ive analysis. The ideas behind the mathematics of sets have proved useful to into subsets which reflect various types of behaviors. For example, Ekman ements. He notes that brow raises in response to feeling sad, fear, and sur- , which are lowered. However, distinguishing among sad, surprise, and fear different brow raises. Ekman examines the intersection of these subsets. brows, may include action of corrugator. Fear and surprise brows, but not sad ateral frontalis. Other mathematical approaches also can extend the value of is to category scores, Gottman (1981) shows how sophisticated data analysis me. rmal ways for categorizing facial behaviors, such as Darwin's (1872) and of emotional expressions. These authors, by careful observation and infer- ferences in facial appearance that distinguish emotions. They used drawings, ey these appearances, but did not create a systematic method for analyzing to one of these categories. ing the informal judgments of naive observers to assess facial signals and . Unlike such observers' judgments of the meanings of expressions, facial at the face does rather than what meanings observers infer from it (see , 1982, for a discussion of facial measurement versus message judgment ent units require standard rules rather than idiosyncratic decisions of judges. l scoring by a trained observer, recent advances in computer simulations suggest that it automatically by computer, substituting pattern recognition intelligence for human ientists have been able to create artificial faces and simulate muscular action in them e computer scoring might be more automatic and objective, the human visual system and ernative for the foreseable future. Computer recognition might be employed initially when s needs to be measured. 134 Visual Categorical Measurement nt techniques, not judgment approaches. (For an analysis of judgment stud- 982.) must choose whether to define measurement units by simple, elementary move- eads to variation in the ""size"" of units (i.e., the number of activities included in que as well as between different techniques, but methods that attempt to mea- units than methods that catalog observed behaviors. For example, Young and a whole. Ekman, Friesen, and Tomkins (1971) separately classify each of three classify appearances produced by individual muscular actions. e. Many units that are gestalts were constructed on the basis of the meaning the es, weeping, aggressive frown, sneer, and pout (see Appendix B). Izard, ed entirely on inferential units. In this technique, observers make inferences rather than categorize the specific actions involved in the expression. e of scores that are based on inference, including the possibility of biasing of single muscular actions, and the lack of comprehensive coverage of pos- essages). re often based on anatomical or visual distinctions rather than meaning. To fit ons composed of multiple muscular actions are typically broken down into their entary units is that, after being scored, they need to be reconfigured into a nd then meaning is assigned to the reconfigured scores. This reconfiguration tensity of the units measured. Another problem with elementary units is that be too detailed for an investigator's purpose, such as the need to measure only en (1978) are the only investigators who have systematically addressed olve the problems of configuring elementary units into events and MFACS is a guide for scoring only those units in Ekman and Friesen's CS) that are thought to be relevant to emotion. Using EMFACS, the scorer Ekman determined, on theoretical and empirical grounds, to be involved in ctions occurring with the critical actions are also scored if they meet explicit help of these rules, the coder decides what actions in the stream of behavior t. Later, a ""dictionary"" is used to look up the combinations scored as an event erpreted. There are currently several thousands of combinations possible in . for facial measurement has been reviewed. Units are visual because facial ystem and because the human visual system is the best way to analyze these e assignment of facial expressions to categories is the best way to describe r and because categorization is the precursor to quantification and scalar rement units is the use of explicit, formal rules for their assignment, in con- trained observers. When considering the relationship between different units, distinctions. Two important bases for units are the muscular actions that produce ed meaning of the expression. 135 ial Behaviors for Measuring Emotion Ermiane & Gergerian, Izard (1979) (1978) Hjortsjo MAX HANEST* (1969) 38+52 6 Lps 11 7 Pret 12 9 Wink 13 18 Zygmaj 14 19 Bucc 23+33 10 Orb 1 33 11 Pres 4 38 17 Zygmin 15 23+56 23 Tri 17 38+56 20+21 22+53 1 Fron 1+2 22+31+53 3 Corsup 4 31 6 Lps 18+19 53 10 Orb 22 11 Pres 13 Cnaris 17 Zygmin 21 Plat 23 Tri 27 Ment 25+54 or 55 3 Corsup 2 25 +32+54 or 55 6 Lps 3 32+54 or 55 9 Wink 5 10 Orb 15 13 Cnaris 16 14 Dsepti 17 15 Levlasupan 20+21 16 Levlasup 23 21 Plat 22 Cani 23 Tri 25 Ooris 27 Ment 50 1 Fron 1+2 20+30+50 2 Extfr 18+19 6 Lps 22 136 Scalar measurement al Behaviors for Measuring Emotion Ermiane & Gergerian, zard (1979) (1978) Hjortsjo AX HANEST* (1969) 5+33 not specified 1+2 8+59B+63 3 3+66 (only) 5 6+7 8 9 10 16 17 18+19 22+23 ret the emotional meanings of facial expression (see text). The key behaviors three emotion classification systems. To determine the muscular basis of ents"" for the five emotions are listed. These authors list other ""Auxilliary ositions. rization in the quantification of facial actions. The most common scalar units al and typically supplement specific categorical units. In this case, categori- lar units describe how much occurs. For example, in early attempts to measure n, 1941), the involvement of each possible categorical unit was rated on a ement. This approach is improved in later measurement techniques, such as ional intensity scoring. In FACS the type of behavior is determined prior to than simultaneous judgments being made of both the category of movement the categorization from the assessment of the extent to which that category ed by explicit rules rather than whatever implicit, preconceived standards the intensity scoring. e unattached to specific nominal units. For example, Landis (1924) and the degree of total facial activity, but the units were merely the crude, subjec- global indexes of facial expressiveness have not proved informative, perhaps many different factors. l scale can be obtained by measuring physical displacement of particular e first to attempt such an approach. He thought that, by highlighting he could physically and objectively measure their changes in position. Landis orientation between baseline and expression conditions altered apparent facial arison difficult. Wolff, Smith, and Murray (1934) attempted to trace projec- measure changes in landmarks, but they found that their procedure was too approach achieved some degree of success in later applications. Lynn mobile while eliciting smiles and filming them. By identifying landmarks on a 137 ure position changes in millimeters over fractions of seconds and to devise a es between the two sides of the face. Shor (1978) marked subjects' faces with both before and while they posed smiles with their heads held relatively sta- hanges in the positions of the tabs. Measuring movements of landmarks intensity of specific muscular actions than a scorer's unaided judgment, if the action, but no research has been done on this issue. l profiles as an index of facial activity. A camera rapidly revolving around efore and while subjects smiled for the camera. The area of each profile was efore- and during-smiling profiles became a measure of ""facial displacement."" iling, the ability of this method to detect and discriminate different facial categorical units is unknown. ure of certain facial areas by superimposing a grid over successive frames es. These changes were entered into mathematical equations that calculated with movement. Although both Lasko's and Rubenstein's techniques employ ls of measurement, the relation of their units to other units is unexplored. d of measuring facial activity. Several research groups have measured rodes (e.g., see Fridlund & Izard, 1983). The muscular activity detected by cle over which the electrode is placed, making exact measurement of an active ure the activity of muscle fibers more precisely than surface electrodes, but 978; Sumitsuji, Matsumoto, & Kaneko, 1965). Although EMG measure- , the relation between EMG and visible appearances is not known precisely. relation between visible measurement and EMG (Fridlund & Izard, 1983; the scalar units described in this section. Comparison of the three to five point is present is not very informative. Units of different physical parameters , area) cannot be translated without empirical studies. For example, a unit of area lectrical potential. It is, however, possible to investigate relationships between kman and Schwartz (Ekman, 1982) showed that EMG measurement of th FACS visible intensity scoring, but they did not try to calculate how many Their study supports the validity of both measurement methods and high- estigation of their correspondence. In general, the weaknesses of scalar mea- o establish a correspondence between the scales and visible categorical te categorical units from 12 different facial measurement techniques. This ions of their units. Authors convey their definitions in various ways, including awings, photographs, film, and video. These definitions were compared to units from different techniques. The appendixes compare each author's con- viors into categories; they do not compare how coders actually assign scores to ores would require an empirically based study. For example, reference ly by the different techniques, and the resulting scores compared. There are 138 Method of Comparing Visual Categorical Units on. First, different investigators, preferably the respective authors of each ingle investigator might train the coders to score a preconceived correspon- ffect). Second, a different scorer for each technique would be necessary to priate coders would be difficult because many of the authors listed in Appen- communication between laboratories might make cooperation difficult. A nce behaviors to score. Should elementary actions, whole face gestalts, or both rs or a set of behaviors representing each category in each technique be still photos, others for film and video, and others for naturalistic studies in he fourth problem is how to equate the resulting scores. Techniques might imperfect match, or a unit that fits the behavior exactly. How should coders' ted? How should scores be matched when one score represents only part same behavior represents the whole configuration? If motion records are approaches to segmenting the flow of behavior into units? Should scorers be must they score in real time only? These are only some of the problems in cal units would be difficult, it might be worth the effort because it answers he comparison of definitions presented here. Comparing the definitions of units, free from the errors and problems introduced by the practical consid- answer these questions: whether problems or gaps exist in the author's unit- ehensively cover possible behaviors; and whether the technique measures or's concepts. An empirical comparison, on the other hand, addresses questions easurement systems and relative accuracy, sensitivity, or reliability of tech- overcome the obstacles noted above, an empirical comparison also might help of definitions presented here holds up in practical applications. Other initions are discussed below. nitions also faces some difficulties. This comparison relies on the quality chniques. Sometimes, little more information than names and shorthand symbols ; Frois-Wittmann, 1930). Other authors add short verbal descriptions of each Nystrom, 1974). The units of many techniques, however, are described in ., McGrew, 1972), drawings (Blurton-Jones; 1971; Brannigan & Humphries, or videotape segments (Izard, 1983). In making the translations of units, en descriptions, pictures, and drawings have been used to determine the equiva- define units, the better the basis for comparison and the more accurate the also because authors do not agree on what features of behaviors to include in an be a compound of more elementary components that are separate units in ch as ""medial brow nods"" (Birdwhistell, 1970)] would be scored as a his case a series of ""brow lowering"" (Ekman & Friesen, 1978)]. Some units finitions [e.g., the ""eyebrow flash"" (e.g., McGrew, 1972) which is a brief ""eye- The intensity of a unit can be a part of its definition, as in many of Young and indexed independently, as in the ""optional intensity scoring"" of Ekman and Frie- of the definition of units, the number of units spanning the range of intensi- echniques. For example, Blurton-Jones (1971) specified three units for the d only one (e.g., ""mouth open""). cial activities. For example, the same behavior might be categorized as 72) that implies a language production function, or as ""mouth open"" (e.g., ifying only the activities of the face, units may imply a relationship to envi- rew, 1972), ""evade"" (Grant, 1969), and ""chew"" (Brannigan & Humphries, rance referenced either to the head or to some other standard. For example, ative either to the head (Blurton-Jones, 1971; Ekman & Friesen, 1978) or to 139 nt, 1969). Different appearances for the same unit are common. For whole face units have many equivalent patterns that vary in detail. blishing an exact correspondence among all the units of different techniques terion was needed that could be applied to all units to establish those that cor- r units was chosen as this criterion because it is the only one by which all sis of units as a criterion means that some equated units differ slightly, ppearance or in some other qualities of the authors' definitions of their units, such by ""scoring"" the definitions of units in terms of Ekman and Friesen's FACS. available measurement technique, is comprehensive in that virtually all is widely used by investigators in many laboratories. I determined the muscu- descriptions of the appearance of the behavioral units and by examining and its. Authors of units often did not specify the muscular basis, but when an lved, my procedure was to verify that the muscular basis was correct and cor- nits of different techniques were equated when they described the same basis. In rare cases, a genuine disagreement surfaced about what appear- ch cases, the units were not equated. The most widely known disagreement is 69) about the appearances produced by risorius and buccinator. t a time. As a technique was added, the units were cross-checked with the correspondence. In rare instances, an author clearly specified the wrong muscu- ect relation between a unit in his system and another's. The translation presented alid for comparing units on their muscular basis, not necessarily valid for com- ns, such as function. There are two major considerations for assessing the hether I am capable of reliably ""scoring"" the definitions of units in terms of FACS istently shown me to be a reliable FACS scorer3. This established expertise sup- important consideration for assessing validity is whether the authors and acy of the appendixes. This evidence is difficult to obtain, but it will be easier r audience that can criticize and suggest further refinements. (Readers' com- ions of the tables, which are available to anyone who sends a request.) ng to the translation presented here is a separate issue. How coders assign ow well scorers are trained. Ideally, the tables reflect how coders using a in respect to the other techniques. ng high reliability [on the original Ekman and Friesen test]. I have produced reliable udies including Ekman et al. (1982), Ekman, Friesen, & Ancoli (1980), Ekman, Roper, & 140 Using the Appendixes ixes have had the most significant influence on researchers measuring the face. archers, are accessible and available for others to use, and represent a broad vities. re translated in Appendixes A and B. Appendix A translates all five anatomi- ). No other anatomical measurement method was added because the actions some way, as described below. In addition to these five measurement tech- ) list of muscular actions involved in facial expression. Hjortsjo did not ied how the activity of particular muscles was related to certain emotion mportant because it helped other researchers, such as Ekman and Friesen (1976) te their measurement systems. Hjortsjo's list of actions involved in emotion chniques compared by Ekman (1982). The method developed by Young and s describe the whole face and have many variations, making it difficult to fit of Ekman, Friesen, and Tomkins (1971) is omitted for similar reasons. Each of orehead, eyes and eyelids, or lower face) and is defined by pictures. This 74) technique is omitted because he studied only the movements of sleep- any unique units, such as ""sucking on pacifier,"" ""blinking under shut lids,"" and cable to an older, awake population. Izard et al.'s Affex (1983) is included in what MAX units are relevant to Affex units. r techniques. Some were not translated because the range of behaviors they n (1929) and Thompson (1941) measured only the components of laughing, ), like Nystrom (1974), cataloged only appearances of neonates; Jecker, Mac- nts related to the comprehension of a lecture; Leventhal and Sharp (1965) or distress. Other techniques have limited availability and/or have been (e.g., Ekman et al., 1971; Kendon & Ex, 1969; Vine, 1971; Young and Deca- es not written in English (e.g., Lersch, 1932/1971) were excluded because lan- adequate translation. at measure facial expressions with elementary components of behaviors. The e important consideration that authors used to construct these techniques. which function or the theoretical importance of behaviors was given more olumns of these appendixes list the units of each technique; the rows contain o the units of Ekman and Friesen's FACS, which thus serves as a ""reference to minimize scoring biases and to serve as a shorthand. Verbal descriptions in Appendix A along with the muscular basis. Figure 1 shows the action of FACS numerical representations in Appendix B, the reader should consult 141 f FACS measurement units. Many Action Units in Ekman and Friesen's CS) are depicted schematically. The number in the circle indicates the nts a relatively fixed point towards which the skin is pulled along the radiat- 142 Using the Appendixes comparison of units. An entry of dashes (-----) indicates that there is no unit in of other techniques listed in that row. The number of these blank entries in comprehensiveness of a technique (i.e., the number of different behaviors x A, Ekman and Friesen's FACS includes the greatest number of units that ad involving muscles besides facial muscles, such as ""cheek suck,"" ""jaw er of blank entries in a row indicates how much disagreement among authors nslate is preceded by a question mark (?) to indicate greater uncertainty that the her units in the row or whether it belongs in a row by itself. Many times, a t in one technique is further subdivided or elaborated into several units in that the unit appears in more than one row (i.e., units in another technique represented by this unit). By noting how many ampersands each technique has, istinctions among behaviors. Sometimes, an author makes fine distinctions authors do not. For example, in Appendix B, Birdwhistell's (1970) technique f head shakes and nods that other authors distinguish by only one or two units. ular basis for units; however, for some muscles, such as the extraocular and indicated. Alternative names for muscles appear in parentheses. By com- he muscular basis of appearances, one can see how each technique distin- tions of the same muscle or combined the actions of more than one muscle ques in Appendix A combined the actions of procerus, corrugator, and depres- e brows lowering together, but Hjortsjo (1969) distinguished the appearances Ermiane and Gergerian (1978) distinguished the lowering from the drawing sed many of the same units, reflecting a general agreement about the struc- hey produce. Disagreements arise occasionally in regard to the correspon- s (1924) and Frois-Wittmann (1930) divide the effects of orbicularis oculis Gergerian (1978) and Ekman and Friesen (1978) divide the action of this ible combinations of elementary units listed in the table. Ekman and Friesen t always produce appearances that are simple additions of the appearances of e changes that one muscle fiber produces depends complexly upon what other ese contractions, and other factors. FACS describes in the same detail as individ- at produce distinctive appearances, but most of the combinations are not listed xplicit rules about how the individual actions can be combined, but other ble to compare individual units in Appendix A and the few combinations that compare how the units in different techniques might be used to represent other four sections: gaze direction, the eyes, and eyelids; the brow and forehead; s a whole. Each unit is listed once in Appendix B even though, occassionally, area of the face. The units in Appendix B are translated into terms of Ekman nly for behaviors that are the result of striated muscular action, this trans- 143 movement activity, such as ""blushing"" and ""tears."" FACS also does not pects of facial appearances such as the amount of teeth showing. The FACS t may not be the only one possible. ACS translation because the behavioral units in the row could be pro- ple FACS scores in one row indicate the failure of authors to make sharp dis- produced by different muscular actions. For example, Blurton Jones (1971) teral retraction of the mouth corners without raising the corner"" and attributes omatic major, risorius, and levator labii superioris. The decision to include bscure possible differences in the significance of these actions (Seaford, 1976). e of different emotions (see Table 1). FACS) were derived, in part, from a consideration of their apparent impor- stently a behavior has been identified as meaningful. For example, all tech- ut only one has categories for whether the upper or lower teeth show more. ed more often as a meaningful sign than has the extent that teeth show. When ible historical biases and the development of new research questions and ssible contributors to the relative number of units. n equivalent unit in another technique, it might be possible to combine er study of the units and the rules for combining them, if any, is required to can be represented by each technique. For example, Brannigan and f smiles that do not appear in other lists, but it is possible that their ""com- ning Grant's two categories ""tight lips"" and ""simple smile."" This problem of he descriptions of appearances they produce is similar to the problem with units used, consider an investigator trying to analyze facial expressions to mea- ehaviors for identifying six emotions according to four authorities4. The term ust be measured to identify a particular emotion. An obvious use for the e 1 into their muscular basis or one common system of units. With this ut key behaviors that each authority associates with a particular emotion can ent differences about the key units for particular emotions, as well as consid- ur authorities agree that action of the inner and outer frontalis plus corrugator ane and Gergerian (1978) agree about inner frontalis and corrugator but rele- xiliary component."" There is further disagreement about key behaviors in the Ekman agree with Izard that the action of risorius stretching lip corners later- t this action and add others not considered essential by the first two, indicating, in fear. ight ask is why one investigator considers a behavior as a key to emotion ities. Of course, there are many possible reasons for such disagreements, on, but one possibility can be assessed by examining Appendixes A and B. key behaviors arise because the behaviors are not identified as scoring units by several scoring units found elsewhere in Table 1 (e.g., zygomatic minor, a few units found elsewhere (e.g., depressor septi is a separate unit only in otion from facial behaviors. None of the complexities and rules for identifying emotions are s table does not include all emotions, all combinations of units that predict emotion, the ds of emotion, and felt versus simulated or controlled versus uncontrolled distinctions. 144 Summary their keys for anger) or construe muscular actions differently (e.g., only fear for these authorities, as a separate unit). We conclude that missing scor- to disagreements over key emotion behaviors, at least for some units. which appear in different techniques can be extended beyond Table 1 to help s. For example, Landis (1924) elicited emotions with several different and no facial expression was typical of any one situation and that expressions could sons why Landis could not distinguish situations by facial expression, emotion was elicited by the same situation (see Ekman et al., 1982), but omis- is a possibility that can be checked with the appendixes. Table 1 confirms the r detecting fear, sadness, and surprise (discussed earlier) by studying the rais- on with drawing together and pulling down . Landis did not have separate aises. This omission and others might have contributed to his failure to distin- iously published research. Suppose, for example, that our investigator wants to iors catalogued by the ethologists in Appendix B [i.e., Blurton-Jones (1971), , McGrew (1972)]. The investigator can look up these units in Appendix motional meanings in the EMFACS dictionary (of which Table 1 is a skele- facial behaviors and the translation presented here provide a necessary begin- ween units of different techniques. Knowing more about the relation of cod- relations specified here would provide answers to additional questions, but the he present translation is useful for comparing the varied ways that authors of litating communications between investigators, for exploring the meanings of or interpreting previous research, and for providing a basis for further refine- Ultimately, this effort may result in a more standard and comprehensive text. Philadelphia: University of Pennsylvania. e in describing facial expressions of children. Human Biology, 41, 365- 413. Human non-verbal behavior, a means of communication. In N. Blurton- havior. Cambridge: Cambridge University Press. tions in man and animals. London: John Murray. sies, and possibilities. In T. A. Sebeok (Ed.), Human ethology. Cambridge: conversational signals. In J. Aschoff, M. von Cranach, K. Foppa, W. Cambridge: Cambridge University Press. 145 al action. In K. Scherer & P. Ekman (Eds.), Handbook of methods in non- ge University Press. g facial movement. Environmental Psychology and Nonverbal Behavior, 1, l action coding system. Palo Alto, Ca.: Consulting Psychologists Press 0). Facial signs ofemotional experience. Journal of Personality and Social 1982). Research Foundations. In P. Ekman (Ed.), Emotion in the human face. (1971). Facial Affect Scoring Technique: A first validity study. Semiotica, Deliberate facial movement. Child Development, 51, 886-891. es expressions du visage. Paris: la pensee universelle. 5). Facial expressions of emotion: Review of literature, 1970-1983. In A. ications: A functional perspective. Hillsdale, NJ: Erlbaum. myographic studies of facial expressions of emotions and patterns of emo- ), Social psychophysiology. New York: Guilford. . Unpublished manuscript. Human Interaction Laboratory, University of acial expression. Journal of Experimental Psychology, 13, 113-151. ession in blind and seeing children. Archives of Psychology, 38, No. 272. spontaneous responses of the newborn infant. Journal of Genetic Psy- A comprehensive introduction for social scientists. New York: Cambridge . Man, 4, 525- 536. and outer meanings of facial expressions. In J. T. Cacioppo & R. E. Petty uilford. try of facial actions is inconsistent with models of hemispheric spe- language. Lund, Sweden: Studentlitteratur. tive facial movement coding system. Newark, DE: Instructional Resource 146 References . A. (1983) A system for identifying affect expressions by holistic judg- ource Center, University of Delaware. S. (1965). Improving accuracy in interpreting non-verbal cues of com- 9-244. facial postures and bodily position. In M. Argyle, Social interaction. New tions. II. General behavior and facial expression. Journal of Comparative n: Ernst Reinhardt Verlag. (First published 1932). pressions as indicators of distress. In S. S. Tomkins & C. E. Izard (Eds.), : Springer. for stimulating, recording and measuring facial behavior. Journal of Exper- f children's behavior. New York: Academic. ination of the relationship between the surface integrated electromyogram n. American Journal of Physical Medicine, 78, 263-277. New York: McGraw-Hill. patterning during sleep. I. Description and reliability of observations. Psy- g parametric models. SPIE, 59, 20-21. ing facial expressions. Computer Graphics (USA), 15(3), 245-252. udies. In K. Scherer & P. Ekman (Eds.), Handbook of methods in nonver- University Press. n objective method in the quantitative evaluation of emotional change. ion, 1 ,305- 306. 1979) Lateralized facial muscle response to positive and negative emotional eplicability in describing facial behavior. Paper presented at the 75th al Association, Washington, D. C., November, 1976. ent of smile magnitude. Journal of General Psychology, 98, 79-96. 1965). A new method to study facial expression using electromyography. xpression of emotion in blind and seeing children. Archives of Psychology, 147 tenger, J. B. (1980). The perception of human growth. Scientific American, ciousness. New York: Springer. and where are the primary affects? Some evidence for a theory. Percep- ual signals. In J. H. Crook (Ed.), Social behavior in animals and man. New ng and laughing of infants in the first year of life. Genetic Psychology (1934). The psychology of humor. 1. A study of responses to race-disparage- sychology, 28, 341-365. ogy-based catalogue of facial/vocal behavior in infancy. Animal Behavior, 148 References ntary Components of Facial Behaviors Reference Ermiane & Ekman & Hjortsjo Gergerian Friesen muscular basis r (1942) (1969) (1978) (1978)* ** lis 1+2 frontal ----- 1+2 brow raise frontalis muscle 1 medial part 1 frontalis 1 inner brow "" pars medialis frontalis raise 2 lateral part 2 external fron- 2 outer brow "" pars lateralis frontalis talis raise (pars externa- lis) 3 glabella &4 depressor &4 brow low- procerus (pyra- depressor supercilii erer midalis nasi) 5 eyebrow &4 depressor &4 brow low- depressor depressor supercilii erer supercilii ator 4 eyebrow 3 corrugator &4 brow low- corrugator wrinkler supercilii erer supercilii ----- 5 auricularis ----- auricularis pos- posterior terior idened ----- 6 levator palpe- 5 upper lid levator palpe- brae superioris raise brae superioris laris 6+7 sphincter ----- 6 or 6+7 orbicularis muscle of the oculi (O.O.) eye 6 orbital part 10 orbitalis 6 cheek raise O.O. pars orbit- alis 7 eyelid part &9 palpebralis 7 lids tight O.O. pars palp- inferioris: rebralis winking ----- 8 palpebralis ----- O.O. pars supe- superioris rioris ----- &9 palpebralis ----- O.O. pars infe- inferioris: rioris winking ----- 11 preseptalis ----- preseptalis ----- 7 pretarsalis ----- pretarsalis ----- ----- 8 lips toward orbicularis oris atus 9 upper lip and 15 levator labii 9 nose wrinkle levator labii superioris nasal wing superioris, superioris, levator alaque nasi alaque nasi atus 10 upper lip 16 levator labii 10 upper lip levator labii superioris levator superioris raise superioris ----- 14 depressor ----- depressor septi septi 149 ntary Components of Facial Behaviors Reference Ermiane & Ekman & Hjortsjo Gergerian Friesen muscular basis r (1942) (1969) (1978) (1978)* ** aticus 11 lesser zygo- 17 zygomati- 11 nasolabial zygomatic matic muscle cus minor deepen minor aticus 12 greater 18 zygomati- 12 lip corner zygomatic ps smil- zygomatic cus major pull major muscle 13 levator of 22 caninus 13 cheek puff caninus (leva- the angle of the tor anguli oris) mouth 14 smiling ----- ----- risorius muscle ----- 19 buccinator 14 dimpler buccinator ularis 15 depressor of 23 triangularis 15 lip corner triangularis the angle of the depress (depressor mouth anguli oris) 16 lower lip 26 quadratus 16 lower lip depressor depressor depress (quadratus) labii inferioris ----- ----- ----- orbicularis oris or mentalis 17 chin muscle 27 mentalis 17 chin raise mentalis 18+19 incisive 24 incisivus 18 lip pucker incisivi labii muscles of the upper and lower lip ----- ----- 19 tongue show not specific*** 20+21 cheek ----- ----- buccinator muscle us ----- 20 risorius 20 lip stretch risorius ----- 21 platysma 21 neck tighten platysma ursed 22+23 sphinc- 25 orbicularis ----- orbicularis oris ter of the mouth oris &22 lip part ----- t22 lip funnel orbicularis oris &22 lip part ----- b22 lip funnel orbicularis oris 23 marginal ----- 23 lip tight orbicularis oris part om- ----- ----- 24 lip press orbicularis oris d ust parted ----- ----- 25 lips part not specific*** 150 References ry Components of Facial Behaviors Reference Ermiane & Ekman & Hjortsjo Gergerian Friesen muscular basis 42) (1969) (1978) (1978)* ** d ----- &II-1 depres- 26 jaw drop lateral ptery- sion of mandi- goids ble pen ----- ----- ----- not specific*** d ----- ----- ----- not specific*** d ----- &II-1 depres- 27 mouth lateral ptery- sion of mandi- stretch goids ble ----- II-2 elevation ----- masseter, of the mandible medial ptery- goids ----- ----- ----- not specific*** ----- ----- ----- not specific*** ----- ----- ----- not specific*** ----- ----- ----- not specific*** ----- ----- ----- not specific*** ----- ----- 28 lip suck not specific*** ----- II-3 protrusion 29 jaw thrust pterygoids of the mandible ----- II-4 retraction ----- pterygoids of the mandible ----- II-5 lateral 30 jaw to side- pterygoids movements of ways the mandible d ----- ----- 31 jaw clench masseter ----- ----- 32 bite not specific*** ----- ----- 33 blow not specific*** ----- ----- 34 puff not specific*** ----- ----- 35 cheek suck not specific*** ----- ----- 36 tongue tongue bulge ----- ----- 37 lip wipe tongue ----- 12 dilator naris 38 nose dilate dilator naris (nasalis, alar part) 151 ntary Components of Facial Behaviors Reference Ermiane & Ekman & Hjortsjo Gergerian Friesen muscular basis (1942) (1969) (1978) (1978)* ** 8 nasal muscle 13 compressor 39 nostril com- compressor naris press naris (nasalis, transverse part) or depressor septi ----- ----- 41 lid droop levator palpe- brae superioris ----- ----- 42 slit orbicularis oculi ----- ----- 43 closed orbicularis oculi ----- ----- 44 squint orbicularis oculi ----- ----- 45 blink orbicularis oculi ----- ----- 46 wink orbicularis oculi ----- &III-5 rotation 51 turn left not specific*** ----- &III-5 rotation 52 turn right not specific*** ----- III-4 backward 53 head up not specific*** extension n ----- III-2 forward 54 head down not specific*** flexion the ----- &III-3 lateral 55 tilt left not specific*** flexion the ----- &III-3 lateral 56 tilt right not specific*** flexion ----- III-6 propulsion 57 forward not specific*** ----- &III-7 retropul- &58 back not specific*** sion ----- &III-7 retropul- &58 back not specific*** sion ----- **** 61 eye position extraocular left ----- **** 62 eye position extraocular right ----- **** 63 eye position extraocular up ered ----- **** 64 eye position extraocular down 152 References ary Components of Facial Behaviors Reference Ermiane & Ekman & Hjortsjo Gergerian Friesen muscular basis 942) (1969) (1978) (1978)* ** ----- ----- walleye extraocular ----- ----- crosseye extraocular e same line es x indicating asymmetry (G or H) and laterality an alphabetic suffix indicating intensity of the ; the Y suffix, moderate intensity; the Z suffix, ns only on the right side of the face; the L prefix, dditions, the prefixes G and H indicated right and parenthesis. e the appearances indicated by this unit. omplex list of gaze directions, planes, and 153 rically Derived Units for Facial Behavior -- Reference -- Brannigan & Izard MAX Ekman & on-Jones McGrew Humphries (1983)* Friesen FACS ) (1972) (1971) (Affex) (1978) Part 1: Units for gaze, eye, and eyelids &look look at ----- head and eye positions** &look look away 36 gaze aver- head and eye sion (SH) positions** &look ----- ----- head and eye positions** ----- ----- 39 gaze cast head and eye downward with positions** head tilt back or cocked (CS) &look ----- ----- head and eye positions** irection ----- ----- ----- 64 ards ----- look down (at ----- head and eye self) positions** &look look up ----- head and eye positions** irection ----- ----- ----- 63 ds &look look around ----- head and eye positions** irection ----- ----- ----- 61 or 62 ays ----- ----- ----- 61+62+63+64, etc ----- ----- ----- 5 + head and eye positions** gaze fixate ----- ----- head and eye positions** glance ----- ----- head and eye positions** direction ----- ----- ----- head and eye positions** eyes closed shut ----- 43 or 7+43 ----- ----- 37 tight clos- 6+43 or ing of the eyes 6+7+43 (DP) 154 References ically Derived Units for Facial Behavior -- Reference -- Brannigan & Izard MAX Ekman & -Jones McGrew Humphries (1983)* Friesen FACS (1972) (1971) (Affex) (1978) blink blink (a series) ----- 45 ----- wink ----- 46 narrow eyes narrow eyes &33 eyes are 7 or 6+7 squinted or nar- rowed (IE, SD, AR, DR, CS) ction ----- ----- &33 6 or 44 the eye ction ----- ----- 38 cheek raised 6 the eye (IE, EJ, SD, AR, DR, DP) ----- ----- ----- 6 or 7 ----- ----- 30 eyes have a 1+2 widened and roundish appearance (IE, SS) nness: ----- stare &31 eyes are 5Y or 5Z*** widened and more white shows than nor- mal (FT) wide ----- ----- & 31 5Y or 5X*** mal ----- open ----- ----- narrow ----- ----- ----- 41 y narrow ----- ----- ----- 42 id down ----- droop ----- 41 ----- widen ----- 5 (rapid) ----- pouch ----- ----- weep tears ----- ----- ----- twitch ----- 6 (rapid) 2: Units in the Forehead and Brow Area brows ----- raise 20 brows are 1+2 raised in nor- mal shape (IE, SS) ----- ----- 21 one brow R1 or R2 or raised higher R1+R2 or L1, than the other L2 or (CS) L1+L2**** eyebrow flash flash ----- 1+2 (rapid) 155 ically Derived Units for Facial Behavior -- Reference -- Brannigan & Izard MAX Ekman & -Jones McGrew Humphries (1983)* Friesen FACS (1972) (1971) (Affex) (1978) wide eyes ----- ----- 1+2+5 ----- ----- ----- R4 or L4**** ----- ----- ----- 4 (a series) frown &low frown angry frown 25 eyebrows 4Y or 4Z*** lowered and drawn together (AR, DR, DP) own &low frown ----- 24 eyebrows 4X*** are drawn together (IE) ----- ----- 22 brows raised 1+2+4 part way but not maximally, and they are drawn together (FT) e ----- sad frown 23 inner cor- 1+4 or 1+4+6 ners of the eye- brow are raised and pulled medially (SD) e ----- sad raise ----- 1 or 1+4 frowns ----- ----- ----- other combina- tions of AU4 pucker face ----- ----- 1+4+(6 or 44) or 1+4+9+44; may include 25, 26, 43 ----- low frown ----- 4 ----- ----- ----- 4+5 Units in the Lower Face, Mouth, and Cheeks ----- basic mouth ----- ----- ng the nose wrinkle screw face 42 nasal bridge 9 or 9+25 is furrowed (DR) ----- lip up ----- 10 or R10 or L10 ----- &sneer &61 upper lip R9 or R10**** raised on one may include 25, side (CS) 26 156 References rically Derived Units for Facial Behavior -- Reference -- Brannigan & Izard MAX Ekman & on-Jones McGrew Humphries (1983)* Friesen FACS ) (1972) (1971) (Affex) (1978) ----- &sneer &61 L9 or L10**** may include 25, 26 ed upper ----- ----- ----- (9 or 10)+25 or 9+10+25 ed lower bared teeth ----- ----- 16+(25 or 26) or 15+16+(25 or 26) may include 31 ----- ----- 63 lower lip is 16+25 lowered and slightly for- ward (DR) ----- intension bite ----- 16+25+29 ----- ----- 54 angular, 9+16+(25 or squarish mouth 26) may (AR, DP) include 20 ----- ----- 59B opened, 9+16+19+26 tense, angular mouth with tongue forward (DR) ----- squared mouth ----- 10+16+(25 or 26) h cor- &smile &simple smile &52 corners or 12X or 12Y*** raised angle of mouth may include 7 pulled back and up (EJ) h cor- &smile &simple smile &52 12Y or 12Z*** raised may include 6, 7 &smile grin ----- R12 or L12**** h cor- &smile upper smile &52 12+(25 or 26) raised may include 6, 7 h cor- &smile lip-in smile ----- 12+26+B28 or raised 12+26+B32*** * h cor- &smile broad smile &52 (6 or raised 7)+12+16+(25 or 26) h cor- play face play face ----- 8+12+(26 or raised 27) or 12+(26 or 27) 157 ically Derived Units for Facial Behavior -- Reference -- Brannigan & Izard MAX Ekman & n-Jones McGrew Humphries (1983)* Friesen FACS (1972) (1971) (Affex) (1978) &smile open grin (may ----- R12+(25 or 26) be bilateral) L12+(25 or 26)**** cor- &smile oblong smile ----- 12+25+29 aised ----- wry smile ----- R12+L15 or L12+R15**** ----- compressed ----- 12X+23 or smile 12X+24*** retracted ----- mouth corners ----- 20 or 12+15 back may be 12 or 14 retracted grin face mouth corners 53 slightly 20+(25, 26, or out opened mouth 27) may with corners include 10, 16 retracted straight back (FT) ----- oblong mouth ----- 20+25+29 may include 10, 16 ----- mouth corners ----- 15 or 20 or tremble 15+20 corners ----- mouth corners 56 corners of 15 or 17 or d down mouth drawn 15+17 downward and outward (SD) lip pout &pout lower lip out ----- 17 ----- scowl ----- 15+17 ----- lower lip trem- ----- 17 or alternat- ble ing 17 and 16 ----- ----- 55 mouth open, 27 may include stretched tense 9, 10, 16, or 20 (AR, DP) p pout &pout lips forward ----- 17 or 22 or 17+22 or 22+25 or 17+22+25 ----- point ----- 22 ction of ----- purse ----- 18 or 18+(23 or laris oris 24) ----- small mouth 65 pursed lips 18 may include (IE) 24 or 25 ressed ----- tight lips ----- 23 or 24 er 158 References cally Derived Units for Facial Behavior -- Reference -- Brannigan & Izard MAX Ekman & Jones McGrew Humphries (1983)* Friesen FACS (1972) (1971) (Affex) (1978) ----- twist mouth ----- G18 or H18 may include 20, 23, 24**** ing the ----- ----- ----- 8 or 22 p ching ----- ----- ----- ----- ghtly &mouth open ----- ----- 25 arly &mouth open &open mouth 51 open, 26 relaxed mouth (IE) ----- ----- 50 open, round- 26 or 27 or ish or oval 18+(26 or 27) mouth (SS) e apart &mouth open &open mouth ----- 26 or 27 ----- ----- ----- 26 or 27 led in ----- lips in 64 lower lip (or 28 both) rolled inward (SH) p bitten &chew lips &bite lip ----- t32 p bitten &chew lips &bite lip ----- b32 &lick ----- ----- 37 &lick lick ----- 37 &lick ----- ----- 37 nvisi- ----- ----- ----- ----- isible ----- ----- ----- ----- ushed &tongue out tongue between 66 tongue for- 19+26 lips ward ----- ----- 59A open, 19+26 relaxed mouth with tongue forward (IE) ut of &tongue out tongue out ----- 19+(26 or 27) ----- ----- ----- 36 show ----- ----- ----- ----- eth ----- ----- ----- ----- eth ----- ----- ----- ----- 159 rically Derived Units for Facial Behavior -- Reference -- Brannigan & Izard MAX Ekman & n-Jones McGrew Humphries (1983)* Friesen FACS (1972) (1971) (Affex) (1978) how ----- ----- ----- ----- y teeth ----- ----- ----- ----- ore teeth ----- ----- ----- ----- ore rinding grind teeth ----- ----- ----- ed ----- ----- ----- 31 ed inci- ----- ----- ----- 29 ----- ----- ----- ----- ved ----- ----- ----- 30 ys ----- ----- ----- 39 ----- ----- ----- ----- ----- ----- ----- R38 or L38**** ----- flare ----- 38 ed ----- ----- ----- 35 cheeks ----- ----- ----- 34 normal face normal face 0 0 ----- chew ----- ----- swallow ----- ----- ----- &kiss &kiss ----- ----- &kiss &kiss ----- ----- ----- ----- ----- ----- spit spit ----- ----- ----- intension speak ----- ----- ----- ----- ----- ----- ----- ----- ----- ----- verbalize ----- ----- ----- vocalize ----- ----- ----- mouth ----- ----- ----- laugh ----- ----- ----- bite ----- ----- ----- blow ----- ----- ----- 160 References cally Derived Units for Facial Behavior -- Reference -- Brannigan & Izard MAX Ekman & -Jones McGrew Humphries (1983)* Friesen FACS (1972) (1971) (Affex) (1978) yawn yawn ----- 27 ----- grimace ----- 6+9+15+25 may include 43 ----- head forward ----- 57 ----- threat ----- 57 ----- chin out ----- 53 face thrust ----- ----- 53+57 chin in chin in ----- 58 Part 4: Units of the Whole Face and Head ----- evade ----- ----- side head tilt head to side ----- 55 or 56 ----- jerk ----- head posi- tions** ----- bob ----- 53 ----- hang ----- 54 ----- level ----- ----- ----- head rock ----- ----- &head nod &nod ----- head posi- tions** &head nod &nod ----- head posi- tions** &head nod &nod ----- head posi- tions** &head nod &nod ----- head posi- tions** hake &head shake &shake ----- head posi- tions** hake &head shake &shake ----- head posi- tions** hake &head shake &shake ----- head posi- tions** hake &head shake &shake ----- head posi- tions** 161 ically Derived Units for Facial Behavior -- Reference -- Brannigan & Izard MAX Ekman & n-Jones McGrew Humphries (1983)* Friesen FACS (1972) (1971) (Affex) (1978) ----- head movement ----- head posi- tions** ----- ----- ----- ----- ----- ----- ----- ----- ----- ----- ----- ----- ----- smooth face ----- ----- red face facial redden- ----- ----- ing ----- blanch ----- ----- ----- sweat ----- ----- ral asym- ----- ----- ----- R or L**** G or H Symbols: n the same line rentheses by the affect units in his Affex technique which could be coded See the text for a discussion. IE = interest; EJ = joy; SS = surprise; SD = empt; FT = fear; SH = shame-guilt-shyness; DP = discomfort-pain. tions (units 60- 69) allow scoring many head and eye movements. e Y suffix, moderate intensity; the Z suffix, high intensity. Intensity distinc- definitions. the right side of the face; the L prefix, actions only on the left. In later scor- d right and left asymmetry, but asymmetry scoring is an additional step (e.g., bottom of lip; T, top. 162 parate Strands 1, 42, and 44 Muscular Action of AU 4 as consisting of the action of three anatomically distinct muscles. muscle strands fires. The standard version of FACS does not make many because they often fire together and are difficult to identify independently. the separate actions of these muscles. Hjorstjo separately indentifies the ), and 5 (depressor supercilli). Harriet Oster distinguishes action of the corru- seful distinction for infants. In this chapter, we present a tentative FACS dis- (depressor supercilli), and 44 (corrugator). 163 , 42, and 44 to separate these different strands as separate AUs for inclusion in the do so. We examined the possibility of separating actions of procerus from ator, and all three strands from each other. We thought about making a distinc- ith or without lowering verses brow lowering alone, without any drawing ch of these strands firing alone has at least a small capacity to both lower and ning the most minute details of the appearance changes and the balance of t occurs that distinctions can be made. The difficulties in obtaining reliabil- xamples of the behaviors, and the continuity with previous definitions wor- ividual AUs, the implications and rules for scoring AU combinations such as new version of FACS much as in the previous version and move the issues for tor's Guide. We reserved the three AU numbers, 41, 42, and 44 for the three ptions of the AUs, similar to those in the Manual. This chapter provides the ds of AU 4 for investigators who have an interest in doing so. We leave to descriptions, obtaining reliability for the scores, and establishing the connec- s. This effort illustrates the difficulties involved in establishing distinctions for tor who wishes to differentiate these actions will also need the best quality in the mid-brow area. Without good resolution of motion cues, it would be dif- ng each of the separate strands of AU 4. Figure 11-1 shows the separately lla Lowerer; AU 42 (depressor supercilli), the Inner Eyebrow Lowerer; and udy these diagrams to understand their anatomically close relationship to 164 Action Unit 41 – Glabella Lowerer erlies this action. AU 41pulls the skin in the glabella region down. Looking re 11-1, you will see that the shape of this muscle is like a fan with its narrow d part in the medial brow area above the inner parts of the eyebrows and under- to better visualize the appearance changes it produces and how they differ from ulling the skin of the glabella towards the root of the nose. ws. the eyebrows closer together. nkles at the root of the nose, just below the glabella. in the glabellar area between the brows. e without adding other actions. You are a rare facial gymnast if you can pull nose without doing some other action, most likely AU 44, pulling the eye- muscle underlying AU 41 can easily be recruited by AUs 4, 6, 9 and possibly y increasing the intensity until you see the skin of your glabella being lowered of your nose. These changes indicate AU 41. You will probably also see the g lowered by AU 42. Try increasing the lowering of the glabella without ore of the glabella lowering and less of the nose wrinkling. Alternatively, try , then lowering them by adding 41. ciently present to indicate AU 41, but are insufficient to score AU 41B ightly; if you do not see the movement, you must see pouching or muscle bulg- ering or muscle bulge is permanent in the neutral face, it must increase slightly. t of the nose. If a wrinkle is permanent in the neutral face, it must increase kling criteria for 41B are present and at least marked, but the evidence is less ria are at least severe, but less than the criteria for the E level. 165 , 42, and 44 tal wrinkling at the root of the nose is at least extreme. 166 Action Unit 42 – Inner Eyebrow Lowerer s the muscle of AU 42, which pulls the skin at the inner corners of the eye- ithout AU 41, 44, 6, or 9. Look at the Muscular Anatomy illustration of Fig- medial brow at the inner corners of the eyebrows You can also see from this mewhat intermingled with those of AU 6. The fibers of AU 42 also are closely ngling accounts for frequent recruitment of AU 42 when AUs 6 or 9 fire. AU nd affects some of the same skin in a similar way. ws. rners of the eyebrows. the eyebrows closer together. vertical wrinkles at the root of the nose, just below the glabella. e glabella area. of the eyebrow and lateral to the root of the nose, making the root of the nose bulging between the eyebrows and just above the nasal root. e without adding other actions. You are a rare facial gymnast if you can lower oing some other action, most likely AU 44, pulling the eyebrows together ng AU 42 can easily be recruited by AUs 44, 6, or 9. To see AU 42, try to do r eyes, then try to recruit AU 42 by very slightly wrinkling your nose. You nd skin medial to them being lowered, flattening of skin lateral to the root of to avoid any pulling together of the eyebrows, due to AU 44. Try producing iciently present to indicate AU 42, but are insufficient to score AU 42B orners of the eyebrows and flattening of the skin below and lateral to the nasal skin at and below the inner corners is lowered slightly; e inner corners of the eyebrows and lateral to the root of the nose. This flatten- nose slightly. g of skin lateral to the root of the nose criteria for 3B are present and at least t required for 3D. 167 , 42, and 44 ng of skin lateral to the root of the nose criteria are at least severe, but less ng of skin lateral to the root of the nose criteria are both at least extreme. 168 Action Unit 44 – Eyebrow Gatherer erlies this action.It emerges from the lateral part of the root of the nose under tach in the forehead above the center of the eyebrow. By studying the position of pulls the brows together and lowers the eyebrow by pulling the center of each this strand acts together with AUs 41 and 42, although there may be more of ven action. Unlike AUs 41 and 42, which primarily lower the eyebrows and, in least at lower intensities) can draw the eyebrows together without noticeably corners of the eyebrow are closer, often squeezed closer by skin in the middle ed medially. the inner portion of the brow that is lowered or it may be both inner and cen- may be the entire brow that is lowered. and may narrow the eye opening. eyebrows, which may be deep. In some people the wrinkles between the 45 degree angle, or both angled and vertical. If these wrinkles are permanently le bulge running from the middle of the forehead above the middle of the e brow, or a series of these bulges like waves or ripples above the eyebrow. above the eyebrows. g the eyebrows and the skin above them medially and lowering the eyebrows hanges (1) and (2) or appearance changes (3) and (4) predominate may erved. form independently of AU 41 and 42 than the converse. Pull your eyebrows ows may also lower them, but do not try to lower them as lowering likely ach eyebrow by 44 is led from its center medially. Try not to lower the skin hich is the action of AU 41 or 42. Try not to wrinkle your nose (if your nose y recruiting AU 41 too). Avoid using AU 1 to hold the eyebrows up, just ners of the eyebrows together to form vertical wrinkles. iciently present to indicate AU 44, but are insufficient to score AU 44B do not see the movement, you must see a wrinkle or muscle bulge between e is permanent (in the neutral face), it must increase slightly. ly, pushing down or reducing visibility of medial portion of eyecover fold. 169 , 42, and 44 he lowering from their centers criteria for 4B are present and at least one is at required for 4D. he lowering from their centers criteria for 4B are present and both are at least he E level. ng from their centers are both maximum. e Differences for AUs 41, 42, and 43 cur together and present two main difficulties for distinguishing their action. er parts of the eyebrows, but: ulling each brow, from its center to the inner corner, medially and downwards and can s of the eyebrow as well; while AU 41 lowers them by pulling the skin of the glabella down corners of the eyebrows with it, having little effect on lateral eyebrow parts. the inner corners of the eyebrows closer together, but: ners together by drawing the skin in from the center of the eyebrows medially; while AU corners closer together as it pulls the skin of the glabella down, gathering it at the nasal AU 41 to bring the eyebrows closer together is much less than that of AU 44. anges of AU 44 are the drawing together of the eyebrows and skin above them and low- the skin down from above the eyebrows's centers to their inner corners, forming vertical and above the eyebrow, the inner eyebrow corners, and the glabella. The main AU 41 are the pulling down of the skin in the glabella towards the root of the nose and nkles at the root of the nose and bulges along the border between the glabella and the not generally lower the skin of the glabella; although some skin under the inner eyebrow ed by AU 44, it does not lower skin in the ""third eye"" area of the glabella. If you see the ore AU 41. AU 41 generally does not pull the entire eyebrows together; although the inner slightly closer by the skin of the glabella being gathered at the nasal root by AU 41, it row from the center to the inner corners towards the midline to produce the vertical wrin- or AU 44. If you see this pulling and vertical wrinkling, score AU 44. The wrinkling pro- ely horizontal, but the wrinkling produced by AU 44 is vertical. cur together and present two main difficulties for distinguishing their action. er parts of the eyebrows, but: ulling the skin of the glabella down and dragging the inner corners of the eyebrows with them by pulling skin at the inner eyebrow corners almost straight down, not affecting the the forehead (the “third eye” area). er corners of the eyebrows closer together, but only a small amount, and this 170 Video Examples for AUs 41, 42, and 44 er and present two main difficulties for distinguishing their action. f the eyebrows, but: h brow, from its center to the inner corner, medially and downwards and can yebrow as well; while AU 42 lowers them by pulling skin at the inner eyebrow fecting the inner eyebrow corners and skin medial to them only, not the more her, but: her by drawing the skin in from the center of the eyebrows medially; while AU r corners almost straight down, barely affecting the distance between the eye- U 44 are the drawing together of the eyebrows and skin above them and low- own from above the eyebrows's centers to their inner corners, forming vertical the eyebrow, the inner eyebrow corners, and the glabella. The main the pulling down of the eyebrows’s inner corners and the flattening of skin lat- oduces primarily vertical wrinkles, but AU 42 may produce a deeper horizontal none available 42 44 171 , 42, and 44 172 ut Using ect will arise when an investigator begins to use FACS. in converting the AU descriptive scores into emotions. Table 10-1 lists some with emotion. We consider these AU combinations to be either prototypic or tral or most common actions for each emotion. They are the ones for which ersality. variants for each of the emotions, AU combinations for variations in the ns for blends of two or more emotions. the use of this table. vidence to demonstrate that an AU combination is a sign of an emotion. This al data which showed how the occurrence of the AU combination was ctive experience, psychophysiological changes, other motor behavior, vocal- interactants who observe the AUs. No such complete evidence exists for any of for each entry, but it is partial. The weakest evidence is for the distinction Face AUs in sadness. otion (Ekman, 1973: 179-185), a person refers to an emotion by use of an y experience the emotion any more than he would if he used a word to refer sted in Table 10-1 may occur for such symbolic references to an emotion. We nt for emblems about emotion than for actual emotional expressions, and that r variants to be employed as emblems about emotion, but there is no quantita- 173 le 10-1: Emotion predictions MAJOR VARIANTS 1+2+5B 1+2+26 1+2+27 5B+26 5B+27 27 1+2+4+5*+L or R20*+25, 26, or 27 1+2+4+5* 1+2+5Z, with or without 25, 26, 27 5*+20* with or without 25, 26, 27 ut 54+64 1+4+11 with or without 54+64 54+64 1+4+15B with or without 54+64 +64 1+4+15B+17 with or without 54+64 11+15B with or without 54+64 11+17 25 or 26 may occur with all prototypes or major variants Any of the prototypes without any one of the following AUs: 4, 5, 7, or 10. AU may be at any level of intensity. conversational signals directly tied to speech rhythm or content and may combination 1+2 (sometimes with 5) and AU 4 are the most frequent con- oning as emphasis marks, question marks, exclamations, inquiries, requests ing sought, etc. Additionally, almost any AU or AU combination (including others conversational signal by a particular person. tions which might be either emotional expressions or conversational sig- coincides with the word ""meant,"" which is the word within that clause ause of the coincidence of facial action with vocal emphasis, it is likely that unction rather than indicating the occurrence of surprise. It would be more st a 5 rather than the combination. In Example 2, it is more likely that this is a use. This interpretation would be strengthened if the other interactant did some- rrence of the 1+2+5B+26. 174 2. Options in Scoring Location of an AU in Time Figure 10-1 er an action is a conversational signal or an emotional expression is the timing et) and the sequence of actions within the combinations. We are currently are discussed in Ekman (1978) whether the information conveyed by certain AUs or AU combinations has lateral or bilateral) and an unilateral AU 10 are both signs of contempt; AU belief or skepticism. an emotional expression, is AU 12. we have hypothesized (Ekman & eceptive facial actions differ from actual emotional expressions, but so far ative observations. ime rmine which AUs were responsible for a particular facial movement. It does vement in time and measuring various aspects of the timing of any movement. ferent phases in the appearance of an AU: eld (video) when the AU was at all visible. he AU was at all visible. ovement was held at the highest intensity that it reached. d by locating the AU in the stream of behavior: tart of apex. 175 in onset period. ex to offset. in offset period. ry time consuming. We will consider four options, starting with gross location ch considers most of the features just listed. gure 10-2. The investigator roughly locates the period during which the AU e precise onset nor the precise offset of the AU. Option A may be employed an AU coincided with another event, or if one type of AU occurred more than quency of certain AUs in two different samples. Examples of research questions AUs listed in Table 10-1) whenever talking about sexual experience? The required, only location within periods of speech where sexuality is discussed. than the type B person? d a single dash to indicate the rough location of the AU, preceded and fol- ecise onset, offset, and apex are not known. termined in the scoring shown in option B. Duration of the AU is now avail- o, option B allows much more precise determination of whether an AU coin- option B, it is possible to determine whether an AU coincides with a tary change in loudness, etc. Also, the sequence or occurrence and coordina- died. he first film frame or videofield where the action can be seen to begin, i.e., the in scoring onset is to work back in time from a point where the AU clearly is ere is no longer any trace of the AU. Going back and forth in slowed motion m the onset point. A similar routine is followed for locating the offset point. It ble trace of the AU. about location by differentiating the apex. The duration of an apex may vary second to several seconds. This depends, in part, on the AU or combination that g or usage of the AU in context. movement's apex will prove to be useful methodologically and relevant to d better reliability for the determination of the apex than for the onset and such as hand movement, voice change, other interactants' behavior), the apex pex scoring because he needs to do so in order to focus on onset time (how ffset time (how long it takes for a movement to decay). For example, we have rom genuine smiles in the length of the time from onset to apex of AU 12. 176 2. Options in Scoring Location of an AU in Time Figure 10-2 than one apex for an AU. Example 1 of option D shows an action which had the AU did not totally vanish, although it may have dropped below the B e have indicated that each apex was at the same intensity level. In D2 the first he second apex. y need to score intensity for all of the AUs. As an alternative to scoring each choose instead to simply note that during a particular AU the apex included refix P to an AU to note that the apex pulsated and was not held constant. not have either empirical evidence nor any hunches about whether it is tion between adults we have been scoring, we have noted that pulsating (mul- shown frequently by only some people. rable information. We have represented the onset time in Figure 10-2 by a about the slope or acceleration of the action from the onset point to the point offset time. Such measurement might be important for certain questions but igure 10-3 illustrates some of the variations in onset time which we have 177 Figure 10-3 ingful unit of facial action. This can be a single AU, but it is more often a com- ng together within a certain period of time. While it is possible that AUs by different systems or mechanisms, this seems unlikely, at least when their co- he investigator may want to determine the frequency with which certain have systematic relationships to other phenomena. Those interested in l also need to delineate events, since many of the entries in Table 10-1 deal acted simultaneously, neatly forming events. This does not always happen in clips because the persons shown had learned FACS and were following tain AUs. There were some clips where the AUs did not start at the same time; had reached apex. d reached apex. s reached apex. the coder’s perspective in Chapter 11 of the Manual. 178 vents"
example	4i	/mnt/Manual/Examples/s4a.gif	V4C+38A	Slight to marked vertical wrinkles appear in the glabella and the eyebrows are pulled together markedly. The inner parts of the eyebrows are pulled down a trace on the right and slightly on the left with traces of wrinkling at the corners. Notice the skin bunching that begins above the middle of each eyebrow and continues more medial making shallow waves, a sure sign of AU 4, and the bunching of skin in the glabella. The 4 meets criteria for the C level on the basis of the pulling together. Because the skin bunching above the eyebrows is a trace greater on the left, and the left eyebrow is lowered a trace more, asymmetry is L1 and the V prefix is assigned to the 4. How about AU 1 because of the arch in the first horizontal wrinkle above the glabella? This change is due to the bunched skin in the glabella bending that wrinkle up. Considering AU 5 because of the harsh quality in the eye? There is no hard evidence for 5, which you can confirm by covering the eyebrows with a card. The trace of nostril flaring in the changed shape of the thinned nostril wings is sufficient for 38A.
example	4ii	/mnt/Manual/Examples/s4b.gif	4D	Severe vertical wrinkles and skin bunching between the eyebrows, severe drawing together of the eyebrows, and severe to extreme eyebrow lowering put this 4 at the D intensity. Both lowering and drawing together of the eyebrows has increased from image 4i, but the lowering has increased much more. Notice that the other signs of 4 listed for image 4i have also increased. The arch in the lowest horizontal furrow of the forehead has straightened because of the lowering and pulling down of the glabella. Again, there is no evidence of AU 5 when looking closely at only the eyelid. The dark shadow between the lips should not entice the coder to score 25 because 25 requires certainty, but they are certainly closed.
example	w0	/mnt/Manual/Examples/s0.gif	0	The neutral face shows the appearance of a lowered, slanting eyebrow, a permanent feature. Also, note the furrows beyond the lip corners, deepened parts of the nasolabial furrow. These furrows and the wrinkling in the forehead are asymmetrical. The eye cover fold is virtually hidden, making action of 5 more difficult to detect.
example	w4	/mnt/Manual/Examples/Video/QT/AU4.mov	4B+38A	The eyebrows are slightly lowered and pulled together and slight vertical wrinkles form between the eyebrows, sufficient to score 4B. The marked thinning and flaring of the nostrils is sufficient to score 38A in a still image. 382
example	1	/mnt/Manual/Examples/s1.gif	1B+38A	The inner corners of the eyebrows are lifted slightly, the skin of the glabella and forehead above it is lifted slightly, and wrinkles deepen slightly and a trace of new ones form in the center of the forehead. Someone might contend that either the wrinkling or the inner brow raise is marked, and therefore the score should be 1C, but compare these changes to those in the image 1+2 below and other images where AU 1 is at much greater intensity and re-calibrate. There is no sign of AUs 2, 4, 5, 6, or 7 whatsoever. In the lower face, nostril flaring evident in the raised and thinned nostril wing and increased nostril size is marked, A level in a still image.
example	2	/mnt/Manual/Examples/s2.gif	V2C+38A	The outer part of the eyebrow raise is pronounced. The wrinkling above the right outer eyebrow has increased markedly, and the wrinkling on the left is pronounced. Increased exposure of the eye cover fold and skin is pronounced. The score is 2C.There is no sign that the inner corners of the eyebrows are raised, although they may be drawn laterally, and wrinkling in the center of the forehead has not changed in shape or position. Although these wrinkles may have deepened somewhat, the changes in the outer part of the wrinkles due to 2 can explain this change. Thus, AU 1 is eliminated.The greater number and depth of wrinkling on the left makes the asymmetry trace (L1), so assign the prefix V. The slight changes in the nostril again indicate 38A.
example	5i	/mnt/Manual/Examples/s5x.gif	5B	AU 5 is hard to see here because the eyebrows are set low and the eye cover fold has little exposure. The upper eyelid is pulled up, the medial part virtually disappearing into the revulsion margin of the eye cover fold. More sclera around the upper part of the iris is revealed The inner corner of the eye shows more mucosa and sclera. In the neutral photo, no sclera is exposed and the upper eyelid covers the top part of the iris, but here, we can extrapolate from the shape of the upper eyelid that virtually the entire iris is exposed, if we could see under the eye cover fold obscuring the top of the iris. This change is sufficient to score 5B on this person.
example	5ii	/mnt/Manual/Examples/s5z.gif	5E / 5B+38A / T / e / m / t	The upper eyelid is raised to about the maximum and a maximum amount of sclera shows above the iris. The bulging, staring appearance is present without doubt. This evidence is sufficient to score 5E. The lower eyelid is somewhat raised and straightened, covering more of the iris, but this is due to the maximum 5 pulling up on the lower eyelid; but there is no 7 in this item. (A 7 would wrinkle the lower eyelid and pull it up onto the eyeball, causing a bulge and straightening it much more -- see item 7 below.) The upper eyelid is raised to reveal virtually the entire top of the iris, sufficient to score 5B as the top of the iris is covered in neutral. Slight flaring and thinning of the nostrils is sufficient to score 38A. 383 he upper eyelid is raised to reveal sclera in the maximum range, vident on the right side, sufficient to score 5E. Notice that the aximum 5 has stretched and lifted the lower eyelid a trace, but here is no action of AU 7 in this item.
example	7	/mnt/Manual/Examples/s7.gif	7C / T / i / t / a	he lower eyelid is raised markedly and straightened slightly, causng slight bulging, and the narrowing of the eye aperture is marked o pronounced, sufficient to score 7C. No other actions are detectble in this item.
example	6	/mnt/Manual/Examples/s6.gif	G7D+6C / T / e / s / t / r / c / u / E / f / i / l / d / B / o / b / p	he infraorbital triangle is raised markedly, pushing skin below the ye up, slightly deepening the nasolabial furrow, and pulling up the kin of the upper lip a trace. Marked crow’s feet wrinkles form at he eye corners as the lateral top of the infraorbital triangle is aised and the lateral part of the eyebrow is lowered slightly, hanging the shape of the eye cover fold as the outer ring of orbiclar muscle constricts. This evidence is sufficient to score 6C. ven though the action of 6 is expected to push up skin below the ye and wrinkle the lower eyelid, the eyelid in this item is pulled ar up on the eyeball, beyond the effect that 6 alone can produce, ausing severe bulging and wrinkling of the lower eyelid and narowing of the eye aperture. Note how the skin of the lower eyelid s drawn markedly to the inner corner of the eye, narrowing everely the angle around the lacrimal gland. The upper eyelid is owered, contributing to the changes in the eye cover fold prouced by the action of 6. This evidence is sufficient to score 7D. oth the wrinkling and the narrowing due to 7 are a trace greater n the right, or R1, so the prefix G is assigned. Even though the orners of the lips are turned up a trace and the nasolabial furrow eyond the lip corners is pulled laterally a trace, these effects are robably due to the AU 6 pulling, and no AU 12 is scored here, acking evidence from the movement.
example	w7	/mnt/Manual/Examples/s7.gif	4A+7C / T / c / s / d / e / b / r	he lower lid is raised and straightened markedly on the eyeball, ausing pronounced bulging and narrowing of the eye aperture, ufficient to score 7C. Notice how the skin of the lower eyelid is rawn in towards the inner eye corners to affect the angle of the yelid around the lacrimal duct. A trace of vertical wrinkling etween the eyebrows, a trace of brow lowering, especially the ight, is sufficient to score 4A. 384
example	w6	/mnt/Manual/Examples/s6.gif	6C+7D	The raise of the infraorbital triangle is pronounced, the deepening of the nasolabial furrow is marked, and skin of the upper lip is raised a trace. Pronounced crow’s feet wrinkles form at the eye corners as the lateral top of the infraorbital triangle is raised severely, and the infraorbital furrow is deepened severely. This evidence is sufficient to score 6C. The action of 6 pushes up skin below the eye, but the eyelid in this item is pulled far up on the eyeball, beyond the effect that 6 alone can produce, causing severe bulging and wrinkling of the lower eyelid and severely narrowing the eye aperture. Note how the skin of the lower eyelid is drawn severely to the inner corner of the eye, narrowing the angle around the lacrimal gland. This evidence is sufficient to score 7D. The eyebrows may be lowered a trace, but the 6 can explain this effect.
example	43i	/mnt/Manual/Examples/s43.gif	43B	The upper eyelid is relaxed and drooping down slightly, sufficient to score 43B. Note that the shape of the lower eyelid is little changed from neutral and there is no additional wrinkling. Be sure to compare the appearance of relaxing the upper eyelid in 43 to that resulting from the tensing of the orbicular muscle that is apparent in the 6 and 7 items above.
example	43ii	/mnt/Manual/Examples/s43.gif	43D	Again, this appearance results from relaxing the upper eyelid, and the eyelids are almost together (closed), but the gap between them can still be seen, especially in the medial parts and around the lacrimal gland. This evidence is sufficient to score 43D. Compare this appearance to the next item, which shows the eyelids closed.
example	43iii	/mnt/Manual/Examples/s43.gif	43E	The eyes are closed in 43E. Notice that when the eyes are closed, you see the upper eyelashes laying on the skin of the lower lid and little or nothing of the lower eyelashes. No sclera or mucosa can be seen. No evidence of any other action is present in this example.
example	7E	/mnt/Manual/Examples/s7.gif	7E	The lower lid is pulled and stretched maximally on the eyeball, hiding most of the iris, and bulging and tensing of the lower eyelid is extreme. This evidence is sufficient to score 7E. Note that without a counteracting tension in the upper lid, the eye would close and be scored 7E+43E, but the tension in the upper eyelid is always active to keep the eyes open, so there is no need to score AU 5 in such an ordinary situation, and the appearance changes here do not meet any of the guidelines for scoring AU 5. When both 7 and 5 act so that 5 is scored, the appearance is different from this item, as you can see in the 5+7 item below. 385
example	4+5	/mnt/Manual/Examples/Video/QT/AU4_5.mov	4C+5C / 4C+5B+38A	The inner parts of the eyebrows are pulled together slightly forming slight vertical wrinkling, and are pulled down markedly, forming slight horizontal wrinkles at the inner corners of the eyebrows, sufficient to score 4C. The upper eyelid is raised and tensed against the downward movement of the eye cover fold caused by the lowered eyebrows, and more sclera shows at the upper, side parts of the iris, indicating AU 5. Because the 5 occurs with 4, the special intensity guidelines for 5 with 4 are used to score intensity. We can see that more of the top part of the iris is revealed than in neutral and the harsh stare is at least marked, so 5C is scored. The eyebrows are markedly lowered and marked vertical wrinkles form between the eyebrows, sufficient to score 4C. The upper eyelid appears raised from the increased exposure of sclera around the iris. Tension of the upper lid against the eye cover fold is evident as AU 4 pushes down and AU 5 pushes up. The eyes have a glare that is not present in the w4 example (cover the eyebrows to compare). This evidence is sufficient to score 5B. The marked thinning and flaring of the nostrils is sufficient to score 38A in a still image.
example	5+7	/mnt/Manual/Examples/s5y_7.gif	5D+7C	The upper eyelid is raised to reveal much more than a hairline of sclera around the top of the iris, which is partially covered in neutral. At least a severe amount of sclera beyond the guideline for the B intensity (virtually all of the top of the iris) is revealed, but not a maximum, sufficient to score 5D. The lower eyelid is raised and straightened markedly on the eyeball forming a marked bulge, and skin is drawn to the inner eye corner, sufficient to score 7C.
example	1+4i	/mnt/Manual/Examples/s1_4a.gif	1C+4C+38A	The increase in wrinkling in the center of the forehead is marked to pronounced, and the raising of the inner corners of the eyebrows is pronounced, sufficient to score 1C. The eyebrows are pulled together markedly, and marked vertical wrinkling and bulging appears between them. Using the guidelines for AU 4 in the combination of 1+4, this evidence is sufficient to score 4C. Notice how straight the eyebrows are compared to the example for AU 1, in this table above, because the 4 is pulling down the center of each eyebrow while the 1 is raising the inner corner, which decreases the curvature of the eyebrow. The markedly thinned and flared nostrils are sufficient to score 38A.
example	1+4ii	/mnt/Manual/Examples/s1_4b.gif	1C+4D+38A	The same signs are apparent in this items as in the previous, but the actions are more intense. The increase in horizontal wrinkling in the center of the forehead and the raising of the inner corners of the eyebrows are pronounced, about the same as in the previous item. Yet, there is a more bulging, bunched, and knotted appearance to the center of the forehead because the stronger AU 1 is counteracted by a stronger AU 4, shown in the severe vertical wrinkling and bulging and wrinkling between the eyebrows, the severe drawing together of the eyebrows, and the greater lowering of the eyebrow centers. Also, notice the straightness of the eyebrow and eye cover fold. This evidence is sufficient to score 4D, and the 1 remains in the C intensity range. The markedly thinned and flared nostrils are sufficient to score 38A. 386
example	j0	/mnt/Manual/Examples/s0.gif	0 / 1C+4D+L11B	This neutral image serves as a baseline for the j images. Note the permanent wrinkles in the forehead and at or below the eye corners. Note the greater exposure of the eye cover fold and skin of the upper eyelid, compared to the other faces, that makes changes in the upper eyelid easier to detect. There is also more permanent bulging in the glabella than the other faces seen thus far. The inner corners of the eyebrows are raised slightly, and the horizontal wrinkling in the center of the forehead is increased markedly, sufficient to score 1C. The eyebrows are markedly to severely pulled together, forming severe vertical wrinkles and bulging between the eyebrows, sufficient to score 4D (barely) using the criteria for 4 in the 1+4 combination. This example shows clearly 1) the triangular shape of the eye cover fold that often appears in 1+4, and 2) how the inner corner of the eyebrow is pulled up by 1 and the center is pulled down by 4. The middle part of the left nasolabial furrow is deepened slightly and the skin of the left upper lip is stretched upward a trace, sufficient to score L11B.
example	1+2	/mnt/Manual/Examples/s1_2.gif	1D+W2D+25A+38A	It should be immediately obvious from the eyebrow raise and wrinkling across the entire forehead that AUs 1 and 2 are involved in this action, so use the Action Unit Combination description for 1+2 to score these actions (or the section on combination 1+2+4, etc. if there were other AUs). This action is also asymmetrical. The entire eyebrow is raised up extremely, wrinkles are extremely deepened and/or extended across the entire forehead, except on the outer right side where they are pronounced, and the eye cover fold is exposed extremely. There is no evidence whatsoever for 4, 5, 6, or 7, and although one might claim the upper eyelid is raised a trace, this change can be easily attributed to the lifting of the eye cover fold by 1+2. The lower face shows little change, except a slit of lip parting that is less than 2mm and a trace of nostril flaring evident in the thinned nostril wings and changed nostril opening. Because the 2 is C on the right and D on the left, and the difference in wrinkling is slight (asymmetry is L2), W is assigned as prefix to 2.
example	1+2+4i	/mnt/Manual/Examples/s1_2_4a.gif	1C+W2C+4B / 2B+4C+25A+38A / 1B+2C+4C+5A+V11C	The raise of the entire brow, together with the flattening and pulling together of the eyebrows indicate the presence of 1, 2, and 4 so the guidelines for scoring the combination 1+2+4 are appropriate. The entire brow is raised markedly, indicating the C intensity for both 1 and 2, except that on the right side, the 2 is slight and the difference between the sides is slight, indicating an asymmetry score of 2 and a prefix of W. The slight pulling together appears weaker than the raising, with only slight straightening and a trace of bulging between the brows, sufficient to score 4B. 387 As in the previous item, the 1+2+4 scoring guidelines are used, but here, the brow is less raised and more pulled together. The brow raise, and the consequent deepening of the horizontal wrinkles is slight, indicating AUs 1 and 2 at the B intensity. Notice that although the lateral parts of the eyebrows are not raised much more than in neutral, the brow is very straight, indicating the tension between a stronger AU 4 and AU 2. The pulling together of the eyebrows is pronounced with slight bulging between them, but a marked amount of knotting and twisting in the forehead. This evidence is sufficient for 4C. A slit of lip parting that is less than 2mm and a marked nostril flaring evident in the thinned nostril wings and changed nostril opening is sufficient to score 25A+38A. Evidence of the raising of the entire brow is apparent in the slight to pronounced increase in horizontal wrinkling across the forehead and the slight to marked raising of parts of the eyebrow. The eyebrows are drawn together slightly, forming marked wrinkling and bulging between the eyebrows, but the center of each eyebrow is pulled down at least markedly. Using the intensity guidelines in the description of the 1+2+4 combination, and weighing the evidence for these AUs, the 1B+2C+4C intensity scores are assigned. The raise of the upper eyelid is apparent in contrast to neutral, but not quite enough to score B, so 5A is scored. The nasolabial furrow is deepened in the middle slightly to markedly, with some pulling of the skin in the upper lip, sufficient to score 11C. The 11 is stronger on the lefts, as the left lip is raised more and the left infraorbital furrow is deeper, a trace of a difference or the prefix V.
example	1+2+5i	/mnt/Manual/Examples/s1_2_5x.gif	1D+2D+5B	The obvious eyebrow raise and wrinkling across the entire forehead indicates AUs 1 and 2 are involved in this action, so the scoring guidelines for the 1+2 combination are appropriate. The raising, wrinkling, exposure of the eye cover fold, and other signs of AUs 1 and 2 are severe to extreme, but not maximum, indicating the D intensity. The upper eyelid is raised to expose virtually the entire iris, which is covered in neutral, sufficient to score the B intensity. Compare the effect of 5 in this item in exposing the iris to the reveal of the iris in the previous two examples of 1+2+4 and the item for 1+2, where 5 has not acted.
example	1+2+5ii	/mnt/Manual/Examples/s1_2_5z.gif	1E+2E+5E	As in the previous item, the guidelines for combination 1+2 are used, and the maximum raising, wrinkling, exposure of the eye cover fold, and other signs indicate AUs 1 and 2 at the E intensity. Likewise, the raising of the upper eyelid and exposure of sclera above the iris is maximum, indicating 5E. Notice that the lower eyelid appears to have raised up in respect to the iris. This is attributable to the effect of the maximum 5; no other sign of AU 7 is present. 388
example	6+43E	/mnt/Manual/Examples/s6_43.gif	6B+7E+43E	The eyes are closed, the maximum intensity of AU 43. In addition, each eye is squeezed shut by both the inner and outer parts of the muscle around the eye, AUs 6 and 7. The eyelids are tensed and squeezed together about as much as they can be, or 7E. The infraorbital triangle is raised markedly, both the inner and outer parts of the eyebrows are lowered slightly, and slight crow’s feet wrinkles form, indicating 6B. Although the inner corners of the eyebrows are lowered, they are not drawn together, so AU 4 is not scored because 6 alone can cause such lowering.
example	7+43E	/mnt/Manual/Examples/s7_43.gif	7C+43E	The eyes are closed, the maximum intensity of AU 43. The lids are not relaxed, however, but tensed, with the lower lid raised and straightened. Compare the position of the eyelashes to item 43iii, where they lay flat on the lower eyelid. Here, they appear held between the tensed lids. The tensing, wrinkling, and raising of the eyelid is marked or pronounced, or 7C. Note that the action of 7 is not counteracted by increased tension of AU 5, which results in the lids’ closure.
example	9	/mnt/Manual/Examples/s9.gif	7C+9D	The nose is wrinkled severely, with skin on the bridge of the nose drawn upwards, lifting the nasal wings straight up, raising the infraorbital triangle severely, and deepening the upper part of the nasolabial fold extremely as the upper lip is drawn up slightly. Severe horizontal wrinkles form at the root of the nose, and the inner corners of the eyebrows are drawn down. The infraorbital furrow is deepened markedly. This evidence is sufficient to score 9D. AU 4 is not scored here because AU 9 draws the inner corners of the eyebrows down, but they are not drawn together. Notice the straight shape of the infraorbital furrow behind the nasal wings, rather than the pouch of AU 10. Although AU 9 pushes skin up under the lower eye lid to form bags, wrinkles, and bulges, this effect does not generally push the lower eyelid as far up on the eyeball as in this example, and the effect is limited to the medial part of the eye, but here the pronounced wrinkles and straightening extend to the lateral part of the eye, and the narrowing of the eye is pronounced, sufficient to score 7C.
example	9+25	/mnt/Manual/Examples/s9_25.gif	7C+9E+25C	The wrinkling of the nose, drawing of the skin onto the bridge of the nose, and horizontal wrinkles at the root of the nose are in the maximum range. The raise of the infraorbital triangle and nasolabial furrow and the deepening of the infraorbital furrow are severe. This evidence is sufficient to score 9E. As in the previous item, AU 7 is acting here to raise and straighten the lower eyelid on the eyeball, adding to the wrinkling and bulging of skin below the eyelid caused by 9, sufficient to score the C intensity. The separation of the lips beyond the 2mm guideline for the B intensity is pronounced, sufficient to score 25C. 389
example	10i	/mnt/Manual/Examples/s10x.gif	10B	The upper lip is raised slightly and the nasolabial furrow has deepened slightly to form the characteristic AU 10 pouch. This example shows 10B.
example	10ii	/mnt/Manual/Examples/s10y.gif	10D+17A	The upper lip is raised markedly, with marked raising of the medial infraorbital triangle and severe deepening of the nasolabial furrow and forming the characteristic 10 pouch, sufficient to score 10D. The lips are together only because 17 has acted, as shown by the trace of wrinkling at the bottom of the chin, the trace of lift and push out of the lower lip, and the increased definition of the chin boss, which is pushed up slightly, but not producing enough change to score 17B.
example	10+25	/mnt/Manual/Examples/s10z_25.gif	10E+25C / L10B+25B	The upper lip is raised to near the maximum level, extremely to maximally deepening the nasolabial furrow and bulging the medial infraorbital triangle, forming the characteristic 10 pouch behind the nostril wings. This evidence is sufficient for 10E. Notice that the marked raising of the medial infraorbital triangle by 10 has pushed skin up below the eyes, deepening the infraorbital furrow and slightly wrinkling the lower eyelid, but there is no action of 7 here. Also, notice how 10 spreads the nostril wings laterally, in contrast to 9 which expands them vertically. The extent of lip separation beyond the 2mm guideline for 25B is pronounced, so 25C is scored. The upper lip is raised on the left slightly and the pouching and deepening of the left upper nasolabial furrow is slight with slight evidence of the 10 pouch, sufficient to score L10B. There is no trace of action of 10 on the right side.The separation of the lips is roughly 2mm, so 25B is scored, and as the gap extends past the philtrum, it is not scored as unilateral, and AU 25 is not scored for asymmetry.
example	17	/mnt/Manual/Examples/s17.gif	17D	The chin boss shows severe to extreme wrinkling as it is pushed up severely, and the lower lip is pushed up and out markedly, sufficient evidence to score 17D. 390
example	w17	/mnt/Manual/Examples/s17.gif	17D	The wrinkling and puckering of the chin boss appears maximum, but the pushing up of the lower lip appears only severe, with the chin boss pushed up extremely. This evidence indicates a score of 17D; using the intensity guidelines, more pushing up of the lip is needed for the E intensity.
example	15i	/mnt/Manual/Examples/s15x.gif	15B	The lip corners are pulled down slightly, with some lateral pulling and angling down of the corners, and slight bulges and wrinkles appear beyond the lip corners, sufficient to score 15B. Notice how the corners of the lips are elongated and thinned as 15 pulls down.
example	15ii	/mnt/Manual/Examples/s15z.gif	15E+38A / 15B / 15E / 6C+7C+15B / 7D+15E+38B / 6D+7D+15B / 6E+7E+15E	The lip corners are pulled down maximally, extreme to maximum wrinkles and bulges appear beyond and under the lip corners, and the lip stretching angles the lips down to form a characteristic inverted-U shape. This evidence is sufficient to score 15E. The markedly thinned and flared nostrils are sufficient to score 38A. The corners of the lips are pulled slightly down and the pouching and wrinkling at the lip corners has increased slightly, sufficient to score 15B. The corners of the lips are pulled extremely down and the pouching, lip shape is angled down, and wrinkling at the lip corners has increased to a maximum level, sufficient to score 15E. Notice how the skin of the lips has stretched and the bulging beyond the lip corners has increased from the previous item. 391 The lip corners are pulled down slightly to angle and stretch them down, and slight bulges and wrinkles appear beyond the lip corners, sufficient to score 15B.The shape of the lips, in comparison to item 15i, is altered by the pronounced lifting of the nasolabial triangle, which pulls skin of the upper lip upwards, severely deepening the nasolabial furrow and pushing skin up below the eyes. Marked crow’s feet wrinkles appear. This evidence is sufficient to score 6C, about the same intensity as item 6. The right side shows a trace more wrinkling, a trace more lifting, and a trace more bulging, indicating a trace of asymmetry, R1, or G6. The lower eyelids are pulled up onto the eyeball more than this level of 6 would cause, but less than in example 6, with marked straightening and bulging, narrowing the eye aperture markedly, sufficient to score 7C. The lips have appearance changes similar to the 15ii item (extreme pulling down of the corners, angled-down lip shape, extreme bulging and wrinkling), and are thus scored 15E, except that the action of 6 counteracts somewhat the downward pulling on the lip corners and changes the shape of the lips. The raising of the infraorbital triangle is severe to extreme, forming severe crow’s feet wrinkles, and pushing up skin below the eye. The lower nasolabial furrow is deepened severely. This evidence is sufficient to score 6D. The lower eyelids are pulled up onto the eyeball severely, extremely narrowing the eye aperture, and forming severe bulges, beyond what 6 alone would do, sufficient to score 7D. The thinned and flared nostrils are pronounced, enough to score 38B in this still image. The corners of the lips are pulled slightly down and the pouching and wrinkling at the lip corners has increased slightly to markedly, sufficient to score 15B. The shape of the lips is different from example w15i because of the severe to extreme raising of the infraorbital triangle, which pulls up the skin of the upper lip, and deepens the nasolabial furrow markedly. With the severe crow’s feet, this evidence is sufficient to score 6D. Some of the pushing up of skin below the eye is due to AU 6, but the extreme pulling up of the lower lid on the eyeball, the severe bulging and wrinkling of the lower eyelid, and the extreme narrowing of the eye aperture are due to AU 7 at the D intensity, a little more intense than in the w6 example, but not yet at a maximum intensity. The corners of the lips are pulled maximally down and the pouching is extreme, the inverted-U shape is maximum, and wrinkling at the lip corners has increased to a maximum level, sufficient to score 15E. Again, the pulling up of skin in the lip area by AU 6 has changed the shape of the lips compared to example w15. The raising of the infraorbital triangle and cheek is in the maximum range, with extreme to maximum crow’s feet, and the outer corner of the right eyebrow is clearly pulled down. This evidence is sufficient to score 6E. The maximum pulling up of the lower eyelid, narrowing maximally and squinting the eye, maximum bulging and wrinkling of the lower lid indicate the action of 7E. 392
example	25	/mnt/Manual/Examples/s25.gif	25B	This example illustrates a 25B, and there is no specific action of any other AU apparent that parted the lips. The teeth clearly show, and the lips are separated by about 2mm (not more than slightly greater than 2mm), thus meeting the B level on both criteria. Noth- ing suggests that the jaw has dropped even though the upper teeth are not clearly visible.
example	26	/mnt/Manual/Examples/s26.gif	25C+26E	The jaw is lowered about as much as it can drop from relaxing of the AU 26 muscle, or 26E. AU 27 cannot be scored in a still image showing this limited range of lowering because the rapid movement of the jaw stretching muscle cannot be detected. The lips are parted to about the extent that the jaw lowering can produce, or 25C. Although the lower teeth show, no action is apparent that could account for any additional lowering of the lower lip beyond a trace of what 26 does.
example	27	/mnt/Manual/Examples/s27.gif	25C+27E	The jaw is lowered and stretched maximally. AU 27 must be scored because action of 26 does not stretch the jaw and does not lower the jaw nearly this far. The maximal lowering of the jaw is sufficient to score 27E. The parting of the lips is no more than might be expected from this degree of jaw opening, or 25C.
example	16+25	/mnt/Manual/Examples/s16_25.gif	16C+25C / 16D+25C / 9E+16D+25E / 0C+16E+25E	The lower lip is pulled down to reveal the gum line (a criterion for the B intensity in a still image) and a little more. Notice how the skin of the lips and chin is markedly pulled and stretched downwards and sideways and the chin boss is flattened. This evidence is sufficient for 16C. The separation of the lips is markedly more than the criteria for 25B when the jaw is closed, so the C intensity is assigned. The lower lip is pulled extremely down. The lower gum line is revealed (a criterion in the guideline for 16B in a still image) and much more of the gums. Notice how the skin of the lower lip and chin is pulled down and laterally severely to extremely, stretching and wrinkling it, but the pulling is in the center of the lip, not the corners. This evidence is sufficient for the D intensity of 16. The 16 causes the lips to part beyond the guidelines for 25B when the jaw is closed by a pronounced amount, or 25C. 393 Maximum skin is drawn upon the bridge of the nose forming extreme to maximum wrinkles on the bridge of the nose and horizontal wrinkles on the root of the nose. The medial parts of the infraorbital triangle are raised severely, deepening the nasolabial furrow severely. This evidence is sufficient to score 9E. Notice that the 9 has pulled the inner corners of the eyebrows down, but as there is no other evidence of AU 4, it is not scored. The lower lip is pulled down, revealing not only the gum line, but much of the gum. The lower lip is affected across its entire length as compared to example 16+25 above, and the stretching of lip and chin skin is extreme, sufficient to score 16D. The 9 has deepened the infraorbital furrow slightly, but additionally AU 7 has acted to narrow the eye aperture markedly, pull the lower lid up markedly and wrinkle it markedly, sufficient to score 7C. The combination of lifting the upper lip and lowering the lower lip has separated the lips extremely beyond the criteria for 25B, so 25E is scored. The upper lip is raised severely, lifting the medial part of the infraorbital triangle markedly, causing pronounced deepening of the nasolabial furrow, and forming the characteristic 10 pouch (compare this pouch to the shape of the top of the nasolabial furrow in the previous item 9+16+25). This evidence is sufficient for scoring 10C. The lower lip is pulled down a maximum amount (compare to the previous item) with lip and chin skin stretching laterally and downwards and flattening of the chin boss and other signs of 16 at a maximum, so 16E is scored. Notice the greater protrusion forward of the lower lip here than in the previous item. The combination of lifting the upper lip and lowering the lower lip has separated the lips extremely beyond the criteria for 25B, so 25E is scored.
example	9+17	/mnt/Manual/Examples/s9_17.gif	7D+9E+17D / 0D+15E+17A	As in items 9+25 and 9+16+25, AU 9 is assigned the E intensity due to maximum skin drawn upon the bridge of the nose, extreme to maximum wrinkles on the bridge of the nose and horizontal wrinkles on the root of the nose, severe raising of the medial parts of the medial infraorbital triangle and deepening of the nasolabial furrow. Again, the inner corners of the eyebrows are drawn straight down by 9, but no other signs of AU 4 are evident. The eye aperture is narrowed even more than in these other items, with severe bulging and wrinkling of the lower eyelid, indicating 7D. The pushing up of the lower lip and chin boss is severe, with severe chin boss wrinkling, indicating 17D, similar in intensity to item 17 above and 10+17 below. The intensity of AU 15 is similar to items 15ii and 6+15ii, but the guidelines for 15 in 10+15 combinations are used. The maximum pulling down of the lip corners that are angled into an inverted-U, and extreme wrinkling and bagging beyond and below the lip corners indicate 15E. The pronounced raise of the upper lip, the severe raising of the medial part of the infraorbital triangle, severe deepening of the nasolabial furrow, and the severe characteristic 10 pouch indicate 10D. The trace of wrinkling below the chin boss and the trace of push up of the chin boss, with the increased definition of the chin boss indicates the presence of 17A, which helps keep the lips together in the face of the severe 10. 394
example	10+17	/mnt/Manual/Examples/s10y_17.gif	10E+17D	As in items 10+25 and 10+15+17, the AU 10 here is assigned the E intensity based on the maximum raising of the upper lip and medial part of the infraorbital triangle, maximally deepening the infraorbital furrow and forming a maximum characteristic 10 pouch. The severe pushing up of the lower lip and chin boss, with severe chin boss wrinkling, indicate 17D, as in items 17 and 9+17 above. Notice the difference in the shape of the middle and lower parts of the nasolabial furrow here as contrasted to the 10+15 item above, where the shape is stretched down by 15. Also, the infraorbital furrow is markedly deepened as skin is pushed up below the eye, but the lower eyelid is not raised by this activity or by AU 7.
example	15+17	/mnt/Manual/Examples/s15z_17.gif	15E+17E+38B	The maximum pulling down of the lip corners, curved inverted-U shaped lips, and maximum wrinkling and bagging beyond and below the lip corners indicate 15E, similar to the intensity of 15 in items 15ii, 6+15ii, and 10+15 above but using the guidelines for 15+17 combinations. The pushing up of the lower lip and chin boss is maximum, with maximum wrinkling of the chin boss and marked protrusion of the lower lip. This evidence is sufficient for 17E. Notice how the 15 and 17 have combined to shape the lips into an extreme example of the characteristic inverted-U. The pronounced flaring and thinning of the nostrils indicates 38B.
example	10+15+17	/mnt/Manual/Examples/s10z1517.gif	10E+15D+17E	Using guidelines for 15 with 17, severe to extreme pulling down of the lip corners that have an angled down inverted-U shape, and the extreme bagging and wrinkling beyond and below the lip corners is sufficient to score 15D (not quite as intense as the previous 15+17 item or the 10+15 above, which lacks the 17 that enhances some of the changes due to 15 here). As in the previous item, the pushing up of the lower lip and chin boss is maximum, with maximum wrinkling of the chin boss and marked protrusion of the lower lip, indicating 17E. The maximum raising of the upper lip and medial part of the infraorbital triangle, maximum deepening of the infraorbital furrow and maximum characteristic 10 pouch indicate 10E, as in the items 10+25 and 10+17 above.
example	6+15+17	/mnt/Manual/Examples/s6_15z17.gif	6D+G7D+15E+17E+38B	As in item 15+17 above, AU 15 is assigned the E intensity using the 15+17 guidelines based on the maximum pulling down of the lip corners, inverted-U shape, and maximum wrinkling and bagging near the lip corners. As in the previous two items, the pushing up of the lower lip and chin boss is maximum, with near maximum wrinkling of the chin boss and slight protrusion of the lower lip, indicating 17E. As in example 6+15ii, the severe raising of the infraorbital triangle, severe crow’s feet wrinkles, pushing up of skin below the eye and pulling of lower nasolabial furrow skin of the lips is sufficient to score 6D. The severe pulling up of the lower eyelids onto the eyeball, extreme narrowing of the eye aperture, and severe bulging is sufficient to score 7D, which is a trace stronger on the right (R1), so the G prefix is assigned. Marked flaring and pronounced thinning of the nostrils indicates 38B. 395
example	20+25	/mnt/Manual/Examples/s20x_25.gif	20B+25A	The stretching of the lips to the side is pronounced and the mouth is elongated markedly with marked bulging and wrinkling beyond the lip corners as skin of the lips is pulled sideways. This evidence in a still image is sufficient to score 20B, but it is close to a C intensity (and might be scored so if the motion were seen). The lips are clearly parted, but the teeth do not show and the part is not near 2mm, so 25A is scored.
example	20i	/mnt/Manual/Examples/s20x.gif	20B	The marked lip stretching to the side, marked mouth elongation, and marked wrinkling and bulging at the lip corners is evidence of a bit less intensity than in the previous item, but still sufficient to score 20B. In both this and the previous example, note how the lips begin to be flattened against the teeth, the lateral pulling of the nasolabial furrow, and lateral stretching of skin above the chin boss. The pulling and gathering of the skin has created a flattening of the cheeks lateral to the lip corners and above the wrinkled, bulged area.
example	20ii	/mnt/Manual/Examples/s20z.gif	G20E+21B	The stretching of the lips to the side and the elongation of the mouth are maximum, and the flattening of the lips, wrinkling and bulging at the lip corners, and flattening in the cheek area are extreme, sufficient to score 20E. Note how the additional signs listed in the previous item have increased here. The right side also shows trace deeper and more wrinkling (R1), so the G prefix is assigned. Enough of the neck is visible to see clearly slight to marked stretching and wrinkling characteristic of AU 21, particularly where the neck touches the shirt collar. The B intensity is assigned to this extent of evidence. Although the nostrils are slightly flared, this change could be due to the maximal 20, so 38 is not scored.
example	14	/mnt/Manual/Examples/s14.gif	V14D	The lip corners are extremely tightened, and the wrinkling as skin is pulled inwards around the lip corners is severe to extreme, sufficient evidence for 14D. Note the signs of dimpling in the cheeks, and the bulges and wrinkling beyond the lip corners. The skin on the chin and lower lip is stretched towards the lip corners, and the lips are stretched and flattened against the teeth. The dimpling and pulling in of the lip corner is a trace stronger on the left (L1), so the V prefix is assigned.
example	L14	/mnt/Manual/Examples/s14.gif	L14C	The tightening of the left lip corner is pronounced, with slight lateral movement of the lip corner, marked dimpling and wrinkling in the cheek, and marked to pronounced wrinkling around the lip corner as skin is pulled inwards. There is no evidence of 14 on the right side (cover the left side to confirm). This evidence is sufficient to score 14 at the C intensity on the left side only. Compared to the previous example of 14, this L14 is less intense, as shown in less stretching of the lips, less wrinkling, bulging, and dimpling of the lip corner, and a bit less inward pulling. 396
example	20+25+26i	/mnt/Manual/Examples/s20x_25.gif	20B+25D+26D	The lower lip is stretched markedly sideways, with slight elongation of the lips, slight flattening beyond the lip corners, and slight deepening of the lower nasolabial furrow and wrinkles beyond the lip corners. In a still image, this evidence is sufficient to score 20 at the B intensity. The jaw is dropped severely, about as much as the tongue can fit through, or 26D. Considering the lowered jaw, the lips are parted slightly more than what might be caused by the lowered jaw alone, or 25D. Notice that the pulling down is lateral to the lip corners, not medial as in 16.
example	20+25+26ii	/mnt/Manual/Examples/s20x_25.gif	H20D+25D+26D	The sideways lip stretching and mouth elongation is severe, the lips are flattened, wrinkles and bulges appear beyond the lip corners, the cheeks are flattened, and skin on the chin is stretched and flattened. This evidence is sufficient to score 20D (but on the left, there is only evidence for C). The stretching and lowering of the lip corners, and the wrinkling beyond them is slightly stronger on the right, or R2, assigning the H prefix. The jaw is dropped severely, or 26D. With the jaw lowered, the lips are parted to slightly more than would be caused by the jaw lowering, about the same as in the previous item (the lower lip is lower, but the upper lip is also lower), or 25D. This pulling down is caused by 20, not by 16, which pulls from the chin center.
example	20+25+27i	/mnt/Manual/Examples/s20x_25.gif	20B+25C+27D	The lips are stretched by 20 (compare to example 27), as evident from the slight sideways stretching of the lip corners, slight mouth elongation, and slight flattening beyond the lip corners, sufficient evidence for the B intensity. This much jaw lowering must be due to the stretching action of 27, and it is severely more than a 26 might do with severe stretching of the lips, or 27D. Given the lowering of the jaw, the lips are parted to about the extent that the jaw lowering alone might produce, or 25C.
example	20+25+27ii	/mnt/Manual/Examples/s20x_25.gif	20E+25D+27D / L20B+25D+26D+38A	The lateral lip stretching, mouth elongation, flattening of the lips, pulling, wrinkling, and bulging of skin beyond the lip corners, and flattening beyond the lip corners are all in the extreme to maximum range, sufficient to score 20E. Some of these changes are opposed to the effects of the 27, which must be considered when assigning intensity. As in the previous example, the signs of 27 allow the D intensity to be assigned. The lips are at least slightly more apart than is produced by the lowered jaw alone, or 25D. Again, the pulling down is due to 20, not 16. This item is very similar to example 20+26 above, except that the only evidence of 20 is on the left side, which shows slight lateral stretching of the lip, flattening of the cheek, and elongation of the mouth, sufficient to score L20B. The mouth is scored the same as in example 20+26 on the same basis, the lower lip being pulled down slightly more than in example 25, as a comparison. The pronounced nostril flaring and thinning is sufficient to score 38A. 397
example	10+14	/mnt/Manual/Examples/s10y_14.gif	10C+14C	The medial part of the infraorbital triangle is raised markedly and a pronounced characteristic 10 pouch is formed, with pronounced deepening of the upper nasolabial furrow, sufficient to score 10C. The tightening of the lip corners is marked, with slight lateral movement of the lip corners, marked dimpling and wrinkling in the cheeks, and slight to marked wrinkling around the lip corner as skin is pulled inwards, sufficient to score 14C. (The small bright spot between the lips is not a tooth.)
example	14+17	/mnt/Manual/Examples/s14_17.gif	14C+17D / C+G20E+25D	The pushing up of the lower lip and chin boss is severe, with severe chin boss wrinkling, indicating 17D (similar to examples 17, 10+17, and 9+17 above). This 17 has some effects on the appearance of the 14 (which can be seen in comparison to examples 14 and 10+14 above), especially the wrinkling at the lip corners, which are markedly tightened and pulled in, with pronounced dimpling, bulging, and wrinkling beyond the lip corners, sufficient to score 14C. The nostrils might be flared slightly, but this can be attributed to the 14, so it is not scored The upper lip is raised markedly, the medial part of the infraorbital triangle lifts markedly, causing pronounced deepening of the nasolabial furrow, and forming the characteristic 10 pouch, sufficient for scoring 10C. The lateral stretching of the lips and the elongation of the mouth are maximum, and the flattening of the lips, wrinkling and bulging at the lip corners, and flattening in the cheek area are extreme, sufficient to score 20E. The stretching and pulling down of the lip corners and wrinkling beyond them is a trace stronger on the right (R1), assigning the G prefix. The combination of lifting of the upper lip by 10 and lowering of the lower lip by 20 produces a severe departure from the criteria for 25B when the jaw is closed, sufficient to score 25D. Too little of the neck is visible to be sure of the possible 21A.
example	11	/mnt/Manual/Examples/s11.gif	11B	The middle of the nasolabial furrow is deepened slightly, and there is slight oblique lifting of the lips between the philtrum and corners, sufficient for 11B. (Because 11 is so difficult to do without a 6, this image was produced by piecing together a neutral upper face to a lower face with 11, introducing some artificiality to how an 11 alone might appear. See examples j1+4 and j1+2+4 below to see AU 11 with other actions.)
example	12	/mnt/Manual/Examples/Video/QT/AU12.mov	12B	The corners of the lips are markedly raised and angled up obliquely. The nasolabial furrow has deepened slightly and is raised obliquely slightly. The infraorbital triangles is raised slightly. This evidence indicates AU 12 at the B intensity. 398
example	12+25	/mnt/Manual/Examples/s12y_25.gif	12C+25B	The pronounced raising up and obliquely of skin in the lower to middle parts of the nasolabial furrow, the pronounced deepening of the nasolabial furrow, the marked raise of the infraorbital triangle, and the pronounced stretching of the lip corners up and obliquely indicates AU 12 at the C intensity. The lips are parted about 2mm, which when the jaw is closed is sufficient to score 25B.
example	L12	/mnt/Manual/Examples/Video/QT/AU12.mov	L12B	On the left side, the lip corner is angled up markedly, the infraorbital triangle is raised slightly, and the skin in the lower nasolabial furrow area is raised markedly obliquely producing a deepened furrow. This is sufficient to score 12B (almost C) on the right. There is no evidence of action on the right side (check by covering the left side). Notice the difference in the lip corners from example L14 above.
example	6+12i	/mnt/Manual/Examples/s6_12x.gif	6C+7C+12B	The evidence for 12 is similar to that for example item 12 above. Slightly angled upward and elongated lip corners, marked pulling obliquely of the lower nasolabial furrow area, and the signs described below for 6 indicate the 12 is at B intensity. Note that the next two signs for AU 6 are also relevant to evaluating the intensity of 12, and here the degree to which they are produced by 6 is more than what the relatively weaker 12 is producing. The pronounced lifting of the infraorbital triangle pulls skin of the upper lip upwards, markedly deepening the nasolabial furrow and pushing skin up below the eyes. Marked crow’s feet wrinkles appear, and these wrinkles are in the eye cover fold above the eye corner. This evidence is sufficient to score 6C, using the guidelines for 6 in 6+12 combinations, about the same intensity as items 6 and 6+15i. The lower eyelids are pulled up onto the eyeballs more than this level of 6 would cause, with marked straightening and bulging, narrowing the eye aperture markedly, sufficient to score 7C, using the guidelines for 7 in 7+12 combinations. In this combination, changes in the infraorbital triangle, infraorbital furrow, upper lip and lip corners is a product of both 6 and 12, with the 6 being relatively stronger, creating an impression of some imbalance because the weak 12 alone would not produce this degree of change in these areas. For example, the deepening of the nasolabial furrow, being affected by 6, is too much in respect to the small lip excursion caused by 12. 399
example	6+12ii	/mnt/Manual/Examples/Video/QT/AU6_12B.mov	6D+7C+12E / 7C+12C+25B / 7C+12E+25B	As in the previous item, many of the changes are a joint product of the 6 and 12 affecting the same features, but there is more balance between upper and lower face changes. The lifting of the infraorbital triangle is extreme, the oblique, upward stretching of the lip corners is near maximum, creating maximum deepening of the nasolabial furrow and wrinkling beyond the lip corners, and the upward, lateral movement of skin in the lower nasolabial furrow area is maximum, sufficient to score 12E. The action of AU 6 here is similar in intensity to items 6+15ii and 6+15+17 above, and the evidence for 6 can be distinguished from that of 12 in the severe crow’s feet at and above the angle of the eye, the lowered, straightened outer eyebrows, and the changed shape of the eye cover fold (aided by the 7). Together with the signs mentioned above for 12, AU 6 is scored at the D intensity. Notice that in this and the other examples of combinations of 6 and 12, the crow’s feet are enhanced by this combination, but the 12 is mostly increasing crow’s feet below the angle of the eye at the top lateral corner of the infraorbital triangle. The evidence for 7 is in the pronounced raising of the lower lid and narrowing of the eye aperture, pronounced bulging and wrinkling of the lower lid, skin drawn to the inner corners of the eyes, and lowering of the upper lid, sufficient to score 7C. The pronounced stretching upwards and obliquely of the lip corners, the pronounced oblique movement of skin in the lower-middle nasolabial furrow area, and the pronounced lifting of the infraorbital triangle is sufficient to score 12C. Additionally, the marked crow’s feet wrinkling, especially that above the angle of the eye, wrinkles in the eye cover fold, and slight lowering of the outer eyebrows indicates the presence of AU 6 at the C intensity, similar to items 6, 6+15i, and 6+12i. The lower eyelids are markedly pulled up onto the eyeballs, with marked straightening, and wrinkling and bulging of the lower lid, narrowing the eye aperture markedly, sufficient to score 7C. The lips are parted about 2mm, sufficient to score 25B. As in 6+12ii above, the extreme lifting of the infraorbital triangle, the near maximum oblique, upward stretching of the lip corners, deepening of the nasolabial furrow, and wrinkling beyond the lip corners, and the maximum upward, lateral movement of skin in the lower nasolabial furrow area is sufficient evidence to score 12E. Also similar to example 6+12ii, the additional signs of AU 6, severe crow’s feet, wrinkles in the eye cover fold, and lowering of the outer eyebrow, allow 6 to be scored at the D intensity. The marked pulling up of the lower eyelid, pronounced straightening and wrinkling of the lower lid, and marked narrowing of the eye aperture is sufficient for 7C. The lips are parted by 12 no more than slightly beyond the guideline for the B intensity, still 25B.
example	13i	/mnt/Manual/Examples/s13a.gif	13B	The cheeks at the top lateral corner of the infraorbital triangle are slightly puffed, and the lip corners are slightly and sharply angled up, creating slight deepening of the lower nasolabial furrow. This evidence is sufficient for 13B, and should be compared to the appearances in example item 12 above. 400
example	13ii	/mnt/Manual/Examples/s13b.gif	13C	The evidence for 13 in the previous item has increased, marked puffing of the cheeks, pronounced sharply angled raising of the lip corners, marked deepening of the nasolabial furrow, sufficient to score 13C. A trace of crow’s feet wrinkling under the right eye corner appears, but as this can be attributed to 13, 6 is not scored.
example	6+13i	/mnt/Manual/Examples/s6_13a.gif	6C+7C+13D	The severe puffing of the cheeks, sharply angled, severe raising of the lip corners, and pronounced deepening of the nasolabial furrow are sufficient to score 13D. The action of AU 6 is also evident from the markedly raised infraorbital triangle, marked pushing of skin below the eyes, lowering of the eye cover fold (see right eye) and marked crow’s feet wrinkles. This evidence is sufficient to score 6C, much as in items 6+12i and 6+12+25i, using 6+12 guidelines. The lower eyelids are pulled onto the eyeballs, with marked raising and straightening, wrinkling and bulging of the lower lid, narrowing the eye aperture markedly, sufficient to score 7C, using the guidelines for 7 in 7+13 combinations (same as 7 in 7+12).
example	6+13ii	/mnt/Manual/Examples/s6_13b.gif	6D+7C+13D	The intensity of 13 is increased over the previous item, with extreme puffing of the cheeks, sharply angled, extreme raising of the lip corners, and severe deepening of the nasolabial furrow, but it is still in the D range. The intensity of 6 has also increased with severe raising of the infraorbital triangle, severe crow’s feet wrinkles, pushing up of skin below the eyes, severe deepening of the infraorbital furrow, sufficient to score 6D, as in items 6+12ii and 6+12+25ii (but note that the 13 is not as strong as the 12 in these items above, so the crow’s feet below the corner of the eye and the infraorbital triangle raise are less here). Evidence for 7 is similar to the previous item, or 7C.
example	13+25	/mnt/Manual/Examples/s13_25.gif	13C+25B / 0D+12B+25C / 0D+12C+25C / 2B+16D+25C	This example shows AU 13 much as in item 13ii, but a bit more intense, with pronounced cheek puffing, sharply angled raising, and deepening of the nasolabial furrow, still at the C intensity. The lips are parted sufficiently to score 25B. 401 This example illustrates the hiding effect of a strong 10 on a weak 12. The evidence of 10, severe characteristic 10 pouch, severe lifting of the upper lip, severe deepening of the upper part of the nasolabial furrow, straight upwards lifting of the nostril wings, is sufficient to score 10D using the criteria for AU combinations of 10 and 12 because the shape of the upper lip is straight, neither a bent, angular shape as in 10 alone or a U as in 12 alone. These changes dominates the appearances, but compared to example 10+25 above something else is clearly acting. The slight oblique stretching of the lips, slightly angled up lip corners, and slight raising of the lateral part of the infraorbital triangle indicate this action is 12 at the B intensity. The separation of the lips beyond the 2mm guideline for 25B is pronounced or 25C. In this example, the intensity of 12 is greater than in the last item and is almost the intensity of 10, and the signs of 12 and 10 are most clearly evident together. The severe characteristic 10 pouch, severe lifting of the upper lip, and severe deepening of the upper part of the nasolabial furrow indicate 10 at the D intensity. The marked to pronounced raising and lateral oblique stretching of the lips and lip corners, the pronounced raising of the lateral parts of the infraorbital triangle, and deepening of the lower infraorbital furrow indicate 12 at the C intensity. The separation of the lips beyond the 2mm guideline for 25B is pronounced or 25C. Trace or slight wrinkling at the outer top of the infraorbital triangle can be attributed to the 12. The evidence for 12 is similar to examples 12, 6+12i, and 10+12+25i above, marked oblique stretching of the lips, slightly angled up lip corners, slight lower nasolabial furrow deepening and oblique movement, and slight raising of the lateral part of the infraorbital triangle, or 12B. Using the criteria for 16 with 12, the pulling down of the lower lip reveals the entire tooth surface of the front teeth, the gum line, and a little more; the shape of the lower lip is a compromise between 12 and 16; the skin of the lower lip and chin is severely pulled down and laterally, and skin above the chin boss is stretched and the chin boss is pulled down extremely, sufficient evidence to score 16D. The jaw is closed and the lips are parted markedly more than the 2mm, or 25C.
example	10+12+16+25i	/mnt/Manual/Examples/s10y1625.gif	10D+12C+16D+25E	The evidence of 10, severe characteristic 10 pouch, severe lifting of the upper lip, and severe deepening of the upper part of the nasolabial furrow indicate 10 at the D intensity, much as in the 10+12+25ii example above. The evidence of 12 is also similar to the 10+12+25ii item, pronounced raising and oblique stretching of the lips and lip corners, pronounced raising of the lateral parts of the infraorbital triangle, and deepening of the lower infraorbital furrow indicate 12 at the C intensity. The pulling down of the lower lip reveals virtually the entire tooth surface, and the stretching down of lip and chin skin is severe, with compromise lower lip shape, indicating 16D. The parting of the lips is extremely more than 2mm, almost maximum and sufficient to score 25E. Slight crow’s feet and wrinkling at the lateral top of the right infraorbital furrow can be attributed to 12. 402
example	10+12+16+25ii	/mnt/Manual/Examples/s10y1625.gif	10D+12D+16D+25E	The evidence of 10, severe characteristic 10 pouch, severe lifting of the upper lip, and severe deepening of the upper part of the nasolabial furrow indicate 10 at the D intensity, much as in the previous item and the 10+12+25ii example above. The evidence of 12 has increased from that in these two items, and is clearly starting to hide some of the signs of 10. The severe raising and oblique stretching of the lips and lip corners, severe raising of the lateral parts of the infraorbital triangle, and deepening of the lower infraorbital furrow indicate 12 at the D intensity. As in the previous two items, the evidence of 16 in the lowered lip and chin boss, exposed teeth, lip shape, and skin stretching indicates 16D. The parting of the lips is extremely more than 2mm, almost maximum and sufficient to score 25E. Slight to marked crow’s feet and wrinkling at the lateral top of the infraorbital furrow can be attributed to 12, because there are no other signs of 6 that cannot be attributed to 12.
example	12+25+26	/mnt/Manual/Examples/s12y_25.gif	12B+25C+26C	The corners of the lips are markedly raised and angled up obliquely. The nasolabial furrow has deepened slightly and nearby skin is raised obliquely slightly. The infraorbital triangles is raised slightly. This evidence indicates AU 12 at the B intensity, similar to examples 12, 6+12i, 10+12+25i, and 12+16+25 above. The jaw has lowered about half way to the extent that it can lower by relaxation, or 26C. The lips are parted by 12 slightly more than the jaw drop alone might produce, or 25D.
example	6+12+25+26	/mnt/Manual/Examples/s6_12z26.gif	6D+7C+12E+25D+26C	The evidence for 6 and 12 is similar to that in examples 6+12ii and 6+12+25ii above, extreme lifting of the infraorbital triangle, near maximum oblique, upward stretching of the lip corners, maximum deepening of the lower nasolabial furrow with upward, lateral movement of skin in this area, sufficient to score 12E. The evidence for 6 is the extreme crow’s feet at and above the angle of the eye, lowered and straightened outer eyebrows, and the changed shape of the eye cover fold (aided by the 7). Together with the signs mentioned for 12, AU 6 is scored at the D intensity. The lower eyelids are pulled up onto the eyeballs, with marked straightening, and wrinkling and bulging of the lower lid, marked narrowing the eye aperture, sufficient to score 7C, using 7 in 7+12 guidelines. The jaw is dropped about the same as the previous item, or 26C, and the parting of the lips by 12 beyond the effect of the 26 is pronounced, or 25D. Compare this example with 10+12+16+25ii and note similarities; if there is any 10 here, it is hidden by the stronger 6+12 and the compromise lip shape is no longer apparent. 403
example	6+12+25+27	/mnt/Manual/Examples/s6_12z27.gif	6E+7E+12E / 6A+25E+27D	The jaw is pulled and stretched open extremely, or 27D. The lip corners are pulled obliquely upwards, the skin of the lower-middle nasolabial furrow area is pulled obliquely upwards, the nasolabial furrow is deepened, and the infraorbital triangle is raised, all at maximum, or 12E. The lower lip cannot be pulled down with this 27 to reveal the teeth and cause the compromise 12/16 lower lip shape without the action of 16, and the stretching down of skin of the lower lip and chin, with a shift down of the chin boss is clear. Using the guidelines in the Reference for AU 16, evidence is sufficient for 16A. The actions of 12 and 16 have separated the lips about as much as possible given the jaw lowering, or 25E. AU 6 is evident from the crow’s feet wrinkling above the corner of the eye, the wrinkling and change of shape in the eye cover fold, the lowering of the outer eyebrows, all at maximum levels, and together with the evidence for 12 above, indicate 6E. The AU 7 nearly closes the eyelids with extreme tension, forms maximum wrinkles and bulges in the lower lid, and lowers the upper lid, or 7E.
example	12+17	/mnt/Manual/Examples/s12y_17.gif	12C+17C / 7B+12E+17C	The corners of the lips are markedly pulled up obliquely, skin in the lower-middle nasolabial area is markedly pulled obliquely upwards, the nasolabial furrow is deepened markedly, the infraorbital triangle is raised markedly, sufficient evidence for 12C (about the same as example 10+12+25ii). The pushing up of the chin boss is pronounced, pushing up and out of the lower lip is slight to marked, and chin boss wrinkling is pronounced, sufficient evidence to score 17C (a level less intense that examples 17 and 9+17). A reasonable argument to score 7A in the right eye can be made, but since it is only one eye and could be due to 12, 7 is not scored. The evidence for 17 is similar to the previous example, pronounced pushing up of the chin boss, slight pushing up and out of the lower lip, and marked chin boss wrinkling, sufficient evidence to score 17C. The extreme lifting of the infraorbital triangle, near maximum oblique and upward stretching of the lip corners, extreme deepening of the lower nasolabial furrow with upward, and extreme lateral movement of skin in this area is sufficient evidence to score 12E, similar to examples 6+12ii, 6+12+25ii, and 6+12+25+26 above. The evidence for 6 is also similar to these previous examples, the extreme crow’s feet at and above the angle of the eye, lowered and straightened outer eyebrows, and the changed shape of the eye cover fold (aided by the 7). Together with the signs mentioned for 12, the evidence is sufficient for 6D. The lower eyelids are pulled up onto the eyeballs markedly, with slight straightening, and wrinkling of the lower lid, slight narrowing the eye aperture, sufficient to score 7B, using 7 in 7+12 guidelines. 404
example	6+12B+15B	/mnt/Manual/Examples/s612x15x.gif	6B+7B+12B+15	B This example and the following two show different intensities of the characteristic appearance of 12+15, and it is useful to learn to recognize this pattern, beyond the individual AUs. For this item, examine the characteristics of this pattern, rather than use the stepwise procedure in Chapter 6, and note how the signs increase in the next two items. The lip corners are angled down slightly as in 15, in contrast to the action of 12, but the skin above the lip corners in the lower-middle nasolabial furrow area is pulled obliquely up slightly, this part of the nasolabial furrow is deepened and pulled up slightly, and the infraorbital triangle is raised slightly. Notice how the skin of the upper lip is stretched obliquely up, contrasting to the slight downward pull at the lip corners. These are the oppositions of 12+15 that produces the characteristic pattern. The slight wrinkling and bulging beyond the lip corners is indicative of 15. This evidence allows 12 and 15 to be scored at the B intensity. The marked crow’s feet, especially above the eye corners, the slight lowering of the outer ends of the eyebrows, constriction and lowering of the eye cover fold, and the pushing up of skin below the lower eyelid, are more than what 12 can do at the B intensity, and together with the infraorbital triangle raise indicates AU 6 at the B intensity. The marked raising and wrinkling of the lower eyelid, slight narrowing of the eye aperture indicate 7B.
example	6+12C+15B	/mnt/Manual/Examples/s6_12y15.gif	6C+7C+12C+15	B Using the stepwise procedure, there is no evidence of 17, but evidence of 15, slightly angled down corners and slight to marked bulging and wrinkling at the lip corners, indicates the B intensity. AU 6 is evident in the pronounced crow’s feet wrinkles, raised infraorbital triangle, lowering of the outer corners of the eyebrows, changes in the eye cover fold, deepened infraorbital furrow, and pushing up of skin below the eyes, sufficient to score the C intensity. AU 7 is also present as shown in the markedly raised, wrinkled, and bulged lower eyelid, the pronounced narrowing of the eye aperture, and skin drawn to the inner corner, sufficient to score 7C. AU 12 is evident in the pronounced upward oblique stretching of skin in the lower-middle nasolabial area and skin beyond the lip corners, the marked deepening and raising of the lower part of the nasolabial furrow, the pronounced raise of the infraorbital triangle, sufficient to score 12C. There is no evidence independent of that cited for 6 and 12 that 11 has acted, so it is not scored.
example	6+12E+15C	/mnt/Manual/Examples/s612z15y.gif	6D+7D+12E+15C+17A	A trace of 17 appears in the trace wrinkles at the bottom of the chin boss, the trace of chin boss raising, and the trace greater definition of the chin boss as it is pushed up, or 17A. This intensity is too small to affect detecting the moderate intensity 15, shown in the markedly downturned lip corners and the pronounced wrinkles and bulging beyond and below the lip corners, indicating 15C using the guidelines for 15+17 on page 135. AU 6 is present, as shown in the severe crow’s feet at and above the corner of the eyes, lowering of the outer corners of the eyebrows, pushing up of skin below the eye, and lowering of the eye cover fold, which together with some of the signs listed for 12 below, is sufficient to score 6D. As usual for this person, 7 contracts with 6 and the severe eye narrowing, raising, wrinkling, and bulging of the lower lid indicates 7D. The evidence of 12 is the extreme raising of the infraorbital triangle, extreme crow’s feet at the top corner of the infraorbital triangle, and extreme deepening and oblique upward movement of the lower-middle nasolabial furrow and nearby skin, sufficient to score 12E. 405
example	6+12+15+17i	/mnt/Manual/Examples/s6121517.gif	6B+7B+12C+15B+17C	The evidence for 17 is similar to examples 12+17 and 6+12+17, pronounced pushing up of the chin boss, slight pushing up and out of the lower lip, and marked chin boss wrinkling, sufficient evidence to score 17C. The evidence of 15, slightly angled down corners and slight to marked bulging and wrinkling at the lip corners, which produces an inverted-U curve at least markedly more than in neutral, indicates the B intensity, using the guidelines for 15+17 on page 135. AU 6 is evident in the marked crow’s feet wrinkles, slightly raised infraorbital triangle, lowering of the outer corners of the eyebrows, changes in the eye cover fold, and pushing up of skin below the eyes, sufficient to score the B intensity. AU 7 is also present as shown in the markedly raised and wrinkled lower eyelid, the slight narrowing of the eye aperture, and skin drawn to the inner corner, sufficient to score 7B. AU 12 is evident in the pronounced upward oblique stretching of skin in the lower-middle nasolabial area and skin beyond the lip corners, the marked deepening and raising of the lower part of the nasolabial furrow, the pronounced raise of the infraorbital triangle, sufficient to score 12C.
example	6+12+15+17ii	/mnt/Manual/Examples/s6121517.gif	6E+7D+12+15B+17D	The severe to extreme pushing up of the lower lip and chin boss, with severe chin boss wrinkling, indicate 17D, as in items 17, 9+17, and 10+17 above. The evidence of 15 is the same as in the previous item, but note the changes due to the increased 12 and 17. Slightly angled down corners and slight to marked bulging and wrinkling at the lip corners, which produces an inverted-U curve at least markedly more than in neutral, indicates the B intensity, using the guidelines for 15+17 on page 135. Evidence for AU 6 is much as in example 6+12E+15C above, severe crow’s feet at and above the corner of the eyes, lowering of the outer corners of the eyebrows, pushing up of skin below the eye, and lowering of the eye cover fold, which together with some of the signs listed for 12 below, is sufficient to score 6D. AU 7 contracts with 6 and the severe eye narrowing, raising, wrinkling, and bulging of the lower lid indicates 7D. The evidence of 12 is also similar to example 6+12E+15C. The extreme raising of the infraorbital triangle, extreme crow’s feet at the top corner of the infraorbital triangle, and extreme deepening and oblique upward movement of the lower-middle nasolabial furrow and nearby skin, is sufficient to score 12E.
example	18i	/mnt/Manual/Examples/s18a.gif	18D	The corners of the mouth are pulled towards the philtrum extremely, puckering the mouth, de-elongating the lips and mouth extremely, forming severe wrinkles in the skin and red parts of the lips, and protruding the lips extremely. This evidence is sufficient to score 18D. 406
example	18ii	/mnt/Manual/Examples/s18b.gif	18D	The corners of the mouth are pulled towards the philtrum severely, puckering the mouth, de-elongating the lips and mouth severely, forming severe wrinkles in the skin and red parts of the lips, and protruding the lips slightly. This is evidence sufficient to score 18D.
example	18+25	/mnt/Manual/Examples/s18_25.gif	18D+25A	The corners of the mouth are pulled towards the philtrum severely, puckering the mouth, de-elongating the lips and mouth severely, forming severe wrinkles in the skin and red parts of the lips, and protruding the lips markedly. This evidence is sufficient to score 18D. The lips are clearly parted, but the teeth do not show and the part is not near 2mm, so 25A is scored.
example	22+25	/mnt/Manual/Examples/s22_25.gif	22E+25D+38A	The lips funnel, turn outward, and thrust forward maximally, pulling the corners towards the philtrum, exposing extremely more red parts, the teeth, and gums, and the chin boss is flattened. This evidence is sufficient to score 22E. The jaw is closed and the 22 separates the lips severely more than the criteria for 25B, or 25D. The marked flaring and thinning of the nostrils is sufficient to score 38A.
example	23	/mnt/Manual/Examples/s23.gif	23E+38C	The lips are tightened maximally and the red parts are narrowed maximally, creating extreme wrinkling and bulging around the margins of the red parts of both lips, sufficient to score 23E. The severe nostril flaring and thinning indicates 38C.
example	23+25	/mnt/Manual/Examples/s23_25.gif	23E+25A+38A	The lip tightening and narrowing of the red parts are maximum, and the wrinkling is severe to extreme, sufficient for 23E. The lips are clearly parted, but the teeth do not show and the part is not near 2mm, so 25A is scored. The marked nostril flaring and thinning indicates 38A. 407
example	24	/mnt/Manual/Examples/s24.gif	24D+38A	The lips are severely pressed together, severely bulging skin above and below the red parts, with severe narrowing of the lips and wrinkling above the upper lip. This evidence is sufficient for 24D. Notice that the lips in the examples of 23 above are tightened and turned-in, but in 24, they are pressed. This distinction is sometimes hard to make, especially when the lips remain together. The marked nostril flaring and thinning indicates 38A.
example	w24	/mnt/Manual/Examples/s24.gif	24C	The lips are markedly pressed together, with marked skin bulging above and below the red parts, pronounced narrowing of the lips and wrinkling above the upper lip. This evidence is sufficient to score 24C.
example	28	/mnt/Manual/Examples/s28.gif	26C+28B	The lips are rolled into the mouth over the teeth and the red parts just disappear, and there is severe stretching of the upper and lower lip as skin is pulled into the mouth. This evidence is sufficient to score 28B. The jaw is obviously dropped enough to fit the lips between them, or 26C.
example	10+23+25	/mnt/Manual/Examples/s10y2325.gif	10C+16A+23E+25E / 2B+23D+38A	The medial part of the infraorbital triangle raises markedly and a marked characteristic 10 pouch forms, with pronounced deepening of the upper nasolabial furrow, sufficient to score 10C, similar in intensity to examples 10+14 and 10+20+25i above. The lips tighten extremely and the red parts narrow severely to extremely, creating severe wrinkling and bulging around the margins of the red parts of both lips, sufficient to score 23D. The lower lip is lowered to reveal most of the lower front teeth, and although 23 might cause this amount of lowering, the stretched down appearance of the chin boss and skin in the lower lip and trace wrinkles and bulging at the very bottom of the chin indicate 16A (compare to 23+25 above). Action of 23 and 16 separates the lips extremely beyond the 2mm guideline for 25B, sufficient for 25E. Tightening, narrowing, and turning in of the red parts of the lips is extreme, with severe wrinkles and bulges at their margins, indicating 23D. The lip corners are pulled up obliquely slightly, with slight deepening of the lower part of the nasolabial furrow and movement of the skin obliquely up in this area, with slight infraorbital triangle raise, sufficient to score 12B. The pronounced flaring and thinning of the nostrils is not a result of this low intensity 12, so 38A is scored in this still image. Some appearances in the chin hint at AU 17, but it is not scored because the other actions could be producing these changes. 408
example	12+24i	/mnt/Manual/Examples/s12x_24.gif	12B+24B	The slightly angled up lip corners, trace deepening of the lower nasolabial furrow, slight raise of the infraorbital triangle, slight oblique stretching of skin in the lower nasolabial area are signs barely sufficient to score 12B, the slightest 12 illustrated in this series. To add to this item’s difficulty are the slightly narrowed and flattened lips, showing slightly less red than in neutral and the traces of bulging at the margins of the upper red part, that indicates the action of 24B. This example shows the slight appearances changes that are difficult to detect, but represent the level of difficulty that must be achieved at minimum for useful scoring in practical research.
example	6+12+23	/mnt/Manual/Examples/s6_12y23.gif	6B+G7A+12D+17A+23D	The severe infraorbital triangle raise, extreme deepening of the lower-middle nasolabial furrow and upward oblique movement of skin in that area, and the severe upturned lip corners are sufficient to score 12D. The lips are tightened extremely and the red parts are narrowed extremely, creating severe wrinkling and bulging around the margins of the red parts of both lips (somewhat altered from the 23 example by the stretching of 12), sufficient to score 23D. The trace of wrinkling on the chin boss, the trace pushing up of the chin boss indicates 17A, which helps hold the lips together. The severe infraorbital triangle raise, slight crow’s feet wrinkling, pushing up of skin below the eyes, and slight lowering of the outer corners of the eyebrows indicates 6B. The slight narrowing of the eye aperture, trace wrinkling of the lower eyelid especially on the right, and slight pulling of skin towards the inner corners is sufficient evidence for 7A, a trace stronger on the right (R1) or G7.
example	6+12+23+25	/mnt/Manual/Examples/s6122325.gif	6C+7B+12E+23D+25C	Extreme lifting of the infraorbital triangle, extreme oblique and upward stretching of the lip corners, extreme deepening of the lower-middle nasolabial furrow with extreme upward and oblique movement of skin in this area is sufficient evidence to score 12E, similar to examples 6+12ii, 6+12+25ii, 6+12+25+26, and 6+12+17 above. The lips are tightened, narrowed, and turned-in extremely, and though the lips are stretched, wrinkling and bulging at the lip margins can be seen, indicating 23D. Pronounced crow’s feet wrinkles, raised infraorbital triangle, slight lowering of the outer corners of the eyebrows, marked changes in the eye cover fold, deepened infraorbital furrow, and pushing up of skin below the eyes, is sufficient evidence to score 6C. AU 7 is shown in the markedly raised, wrinkled and bulged lower eyelid, the slight narrowing of the eye aperture, and skin drawn to the inner corner, sufficient evidence to score 7B. With the jaw closed, the parting of the lips beyond the 2mm guideline is pronounced, or 25C. Apparent downward stretching of the skin on the chin boss, shape of the lip, and wrinkling at the bottom of the chin could be the basis for an argument to include AU 16, but these clues are too slim in this item without seeing the movement.
example	12+24ii	/mnt/Manual/Examples/s12x_24.gif	12C+24B / 7B+12C+24B / 4C+23D+38C / 4D+23D+38A / 7E+23E+38B	The markedly angled up lip corners, marked deepening of the lower nasolabial furrow and marked upward, oblique stretching of skin in this area, and slight raise of the infraorbital triangle are sufficient to score 12C. The slightly narrowed and flattened lips, showing slightly less red than in neutral and the traces of bulging at the margins of the upper red part, that indicates the action of 24B. The increased intensity of 12 from item 12+24i makes this action of 24 (of similar intensity to item 12+24i) somewhat more difficult to see. 409 Pronounced lifting of the infraorbital triangle, slight to marked oblique and upward stretching of the lip corners, marked deepening of the lower nasolabial furrow with upward, and pronounced oblique movement of skin in this area is sufficient evidence to score 12C. Slight lip pressing, thinning, and flattening is evidence of 24B. Pronounced crow’s feet especially above the eye corners, lowering of the outer corners of the eyebrows, slight lowering of the eye cover fold, and pushing up of skin below the eye indicate 6C. Slight narrowing of the eye aperture, marked raising and wrinkling of the eyelids, and slight drawing of skin towards the eye corners indicates 7B. The corners of the lips are markedly tightened and pulled into the mouth with pronounced dimpling, bulging, and wrinkling beyond the lip corners, sufficient to score 14C, similar to examples 10+14 and 14+17 above. The tightening and thinning of the lips is severe, with extreme turning-in of the lips and pronounced bulging and wrinkling along the lip margins, sufficient to score 23D with the guidelines in the 17+23 description. The severe flaring and thinning of the nostrils could not be caused merely by the 14, and indicates 38C. The tightening and pulling in of the lip corners is severe to extreme, with extreme wrinkling and bulging beyond the lip corners, sufficient to score 14D. The tightening, thinning, and turning in of the red parts of the lips is severe to extreme with marked wrinkling and bulging at the margins, sufficient to score 23D. The slight flaring and thinning of the nostrils is sufficient to score 38A. Pushing up of the chin boss is maximum, with maximum wrinkling of the chin boss and marked protrusion of the lower lip, indicating 17E. The pushing up of the lower lip is opposed by the maximum tightening of the lips, maximally turned-in and thinned with maximum wrinkling and bulging above and below the red parts, indicating 23E. This opposition produces the obvious bulging in the lower lip. The pronounced thinning and flaring of the nostrils indicates 38B.
example	17+24	/mnt/Manual/Examples/s17_24.gif	17D+24D	Pushing up of the chin boss is extreme, with extreme wrinkling of the chin boss and severe protrusion of the lower lip, indicating 17D. The upward movement of the lower lip is opposed by the severe to extreme pressing together of the lips, which are narrowed severely, with severe bulging and wrinkling above and below the red parts, sufficient to score 24D using the guidelines in the description of 17+24. This and the previous examples provide a clear contrast between the appearances of 17+23 and 17+24, but often in real-life behaviors, this difference is blurred and the decision about 23 versus 24 is much harder. 410
example	6+12+17+23	/mnt/Manual/Examples/s6_12y17.gif	6D+G7C+12D+17E+23E	Maximum pushing up and wrinkling of the chin boss and wrinkling of the chin indicates 17E. The extreme infraorbital triangle raise, severe deepening of the lower-middle nasolabial furrow and upward oblique movement of skin in this area indicates a strong AU 12. The angling up of the lip corners due to 12 and protrusion and pushing up of the lower lip due to 17 are opposed by the strong 23. The evidence is sufficient to score 12D. The lips are tightened and thinned, and the red parts are narrowed maximally, creating extreme wrinkling and bulging around the margins of the red parts of both lips, sufficient to score 23E. The infraorbital triangle raise, severe crow’s feet wrinkling, pushing up of skin below the eyes, and severe lowering of the outer corners of the eyebrows indicates 6D. The pronounced narrowing of the eye aperture, wrinkling of the lower eyelid especially on the right, and pulling of skin towards the inner corners is sufficient evidence for 7C, which is a trace stronger on the right (R1) or G7. This item has the same actions with different intensities as example 6+12+23. Although the nostrils are flared and thinned, the 12 could account for this, and without seeing the movement, 38 is tough to score.
example	10+17+23	/mnt/Manual/Examples/s10y1723.gif	10C+17E+23E	The marked raise of the medial part of the infraorbital triangle, pronounced characteristic 10 pouch, with pronounced deepening of the upper nasolabial furrow, is sufficient to score 10C, similar in intensity to examples 10+14, 10+20+25i, and 10+23+25 above. Maximum pushing up of the chin boss and wrinkling of the chin boss indicates 17E. The pushing up of the lower lip is opposed by the maximally tightened, narrowed, and turned-in red parts of the lips, replacing protrusion of the lower lip with extreme bulging. The wrinkling around the margins of the red parts are severe. This evidence is sufficient to score 23E.
example	18+23	/mnt/Manual/Examples/s18_23.gif	18D+23D	The pulling of the lip corners towards the philtrum is severe, and the shortening of the lips and mouth, and wrinkling in the skin and red parts of the lips is severe to extreme, sufficient to score 18D. The protrusion of the lips and puckering of the mouth by 18 is opposed by the action of 23 which extremely turns the lips in, tightens and thins them, and contributes to the wrinkling of the lips along the margins of the red parts. This evidence is sufficient to score 23D.
example	15+23	/mnt/Manual/Examples/s15y_23.gif	15D+23D+25A+38B	Pulling down of the lip corners is severe, the lip shape is an inverted-U, and the bagging and wrinkling beyond and below the lip corners is severe, sufficient to score 15D, similar in intensity to example 10+15+17 above, though using different guidelines. The extreme tightening, thinning, and turning-in of the red parts of the lips, and the severe wrinkling and bulging at their margins is sufficient to score 23D. A definite, but slim, crack between the lips is sufficient to score 25A. The pronounced flaring and thinning of the nostrils indicates 38B. 411
example	23+25+26	/mnt/Manual/Examples/s6122325.gif	23E+25C+26B+38B	The lips appear maximally tightened, thinned, and turned-in, with extreme wrinkling along the margins of the red parts and bulging in the lips, sufficient evidence to score 23E. The jaw has dropped markedly, or 26B. The part of the lips is slightly greater than this jaw drop would produce, or 25D. The flaring and thinning of the nostrils is pronounced, or 38B.
example	22+23+25	/mnt/Manual/Examples/Video/QT/AU222325.mov	22D+23D+25C+38C	The funneling, turning out, and thrusting forward of the lips is severe, pulling the corners towards the philtrum, exposing markedly more red parts, the teeth, and gums. This evidence is sufficient to score 22D. The tightening, thinning, and turning-in of the lips is severe, showing the wrinkling around the lip margins characteristic of 23 at the D intensity. The lips are parted markedly more than the guidelines for 25B, or 25C. The flaring and thinning of the nostrils is severe, or 38C. There is some evidence for AU 16 in the dimpling at the end of the chin and flattening of the chin boss, but without seeing the movement, scoring 16 is tough in this combination.
example	20+23+25i	/mnt/Manual/Examples/s20x2325.gif	16C+20B+23D+25C	The pulling of the lip corners to the side, wrinkling and bulging beyond the lip corners, stretching of the lips, and flattening of the cheeks are slight, or 20B. The tightening, thinning, and turning-in of the lips, with the bulging and wrinkling along the margins of the red parts, are severe to extreme, or 23D. The lower lip is pulled down to reveal the gum line and markedly more, the line of the lower lip is not straight, but bent as though affected by 16, there is marked evidence of pulling down of the chin boss, with slight wrinkling at the bottom of the chin, sufficient to score 16C, using the modified guidelines in the Reference for AU 16. The lips are parted markedly more than the guideline for 25B, or 25C.
example	20+23+25ii	/mnt/Manual/Examples/s20x2325.gif	20E+21C / 3D+25C+38D	The lip corners are pulled extremely to the side, creating extreme to maximum wrinkling and bulging at the lip corners, extremely flattening and stretching the lips and flattening the cheeks, indicating 20E. The tightening, turning-in and thinning of the lips, and the wrinkling and bulging around the margins of the red parts are in the severe to extreme range, or 23D. Severe tightening of the neck, producing vertical wrinkling where the shirt collar touches the neck and bulging under the chin, is sufficient to score 21C. The lip part is slightly beyond the 2mm guideline for 25B, or the C intensity. The pulling down of the lower lip and skin of the chin, and the line of the lower lip seems consistent with 20, so 16 is not scored. The extreme flaring and thinning of the nostrils indicates 38D.
example	21	/mnt/Manual/Examples/s21.gif	21B	The neck shows marked tightening, with marked bulging and wrinkling, some running under the chin and some downwards where the shirt collar touches the neck and in the front of the neck, sufficient to score 21B. This version of 21 is somewhat different from, and probably less typical, than the 21 in the previous example or in item 20ii. The trace of increase in horizontal forehead wrinkling suggests 1+2, but the lack of movement or other evidence, such as lifting of the brows, does not allow this score. The bulging at the back of the jaw (ramus) might be due to jaw clenching, but 31 cannot be scored in a still. 412
example	29	/mnt/Manual/Examples/s29.gif	16A+25C+26B+29C	The lower teeth protrude in front of the upper, as the jaw is thrust forward, which can be seen in the shape of the back of the jaw as well. The lower teeth are about in the center of the red parts of the lip, which is roughly a severe (about half way possible) movement or 29C. The jaw thrusting and lowering might part the lips somewhat, but these lips are parted much more than expected from these actions, revealing the gums, but not the bottom of the lower teeth. There is a trace of skin lowering in the chin, and trace wrinkles at the bottom of the chin, sufficient for 16A. The jaw is lowered, but not much, so 26A is scored and the lips are parted markedly more than the jaw drop alone might produce, or 25C.
example	35	/mnt/Manual/Examples/s35.gif	17B+26+35C	The cheeks are sucked into the mouth cavity, creating a severe depression in each cheek, or 35C. The jaw is lowered, and the only possible score in a still image is 26, but the extent of the drop is very hard to determine without seeing the space between the teeth or the movement of the jaw. The slight moving up of the chin boss, slight wrinkling on the chin boss and skin of the chin is sufficient to score 17B, which holds the lips together.
example	video 4	/mnt/Manual/Examples/Video/QT/AU4.mov	4E+7B+38B	The lowering of the eyebrows is maximum, and the drawing together is severe, forming severe wrinkles and bulges between the eyebrows. This evidence is sufficient to score 4E. At the very end of the event, as the 4 increases to maximum, the lower eyelids raise slightly and slight bulges appear, especially in the right eye, indicating AU 7B. The nostril wings thin and the nostril openings flare markedly, or 38B in this motion record.
example	video 1	/mnt/Manual/Examples/s1.gif	1D+38B	The inner parts of the eyebrows are raised extremely, with severe to extreme increases in wrinkling in the center of the forehead, sufficient to score 1D. The nostrils thin and flare markedly, sufficient to score 38B in a motion record.
example	video 2	/mnt/Manual/Examples/s2.gif	2D+7B+R12A	In this example, AU 2 begins first on the left side, then the right but this is not reflected in the notation. The outer part of the brow is lifted extremely, forming extremely greater horizontal wrinkling in the lateral part of the forehead. The eye cover fold is revealed and stretched severely, sufficient evidence to score 2D. Even though the wrinkling in the center of the forehead increases, this is merely a side effect of the action of 2. At the end of this event, when the right brow is raised, the right lower eyelid raises and wrinkles slightly, and the left raises a trace, enough to score 7B. The right lip corner is raised a trace, with trace oblique movement upwards in the lower nasolabial area, sufficient to score R12A. 413
example	video 5	/mnt/Manual/Examples/Video/QT/AU5.mov	5E / T / a / l / b / t	he upper eyelid is pulled up maximally, revealing a maximum mount of sclera above the iris, and there is a bulging, staring ppearance. This evidence is sufficient to score 5E. Notice that the ower eyelid is stretched up to cover a little more of the lower iris y the pulling of skin by this maximum 5 (an effect enhanced by he small raise of the head and possibly a bulging of the eyeball), ut no other signs of 7 appear.
example	video 7i	/mnt/Manual/Examples/Video/QT/AU7.mov	7C / T / l / i / s	he narrowing of the eye aperture is marked to pronounced, the ower lid raise is marked and the upper lid lowers a little, the lower id straightens and wrinkles slightly, there is slight to marked bulgng as the eyelid is drawn up onto the eyeball, and skin of the lower id is drawn towards the inner corner of the eye, which can be seen n the narrowing of the angle around the tear duct. This evidence is ufficient to score 7C. There is no evidence of any other AU.
example	video 6	/mnt/Manual/Examples/s6.gif	6D / T / a / e / b / o / p / n / c / l	his item and the following three form a series that compares 6, 7, nd 6+7 as explained in the description of AU 6. The severe to xtreme crow’s feet wrinkles and raise of the infraorbital triangle re sufficient to score 6D. Notice how the skin above the cheekone and below the eye bulges to reveal the constricting outer band f muscle around the eye and pushes up skin of the lower lid, not ulling it up as in 7, how the eye cover fold and skin in the outer yebrow wrinkle as 6 constricts in this area, and that the inner corers of the eyes around the tear duct are hardly affected. This xample illustrates a case where all the appearance changes that 7 ould have produced (wrinkling and pushing up of the lower eyeid) are adequately explained by 6, and other signs of 7 are absent.
example	video 7ii	/mnt/Manual/Examples/Video/QT/AU7only.mov	7C / T / e / l / t / f / p / a / 6E+7D / n / 6C+7E+12A	he pronounced narrowing of the eye aperture, raising of the lower yelid, and straightening, wrinkling, bulging, and pouching of the ower eyelid are sufficient to score 7C. Also note the lowering of he upper eyelid (in this person, this lowering lets the eye cover old passively lower as well, causing it to change shape) and the ulling of skin to the inner corners of the eyes that narrows the ngle around the tear duct. You should clearly see the difference in he raising of lower eyelid and the wrinkles it produces from the xample of 6 above. he maximum crow’s feet wrinkles and infraorbital triangle raise re sufficient to score 6E. Note the other effects of AU 6, including he pulling down of the outer eyebrows, deepening of the middle asolabial furrow, and pulling of skin in the upper lip. The severe o extreme narrowing of the eye aperture, raising of the lower eyeid, and straightening, wrinkling, bulging, and pouching of the ower eyelid are sufficient to score 7D. Note the other effects of 7, nd how some of the effects of 7 can be identified independently of he effects of 6 (explained in the text for AU 6), while others reinorce each other. The blink at the end of the event is ignored. 414 Marked crow’s feet, pronounced infraorbital triangle raise, the trace of downward movement of the eyebrow on the right, and the marked deepening of the middle part of the nasolabial furrow (not effects of 12) are sufficient to score 6C. The moderate movements of skin due to the 6 do not cause the almost total closure of the eye aperture as the lower lid is raised and straightened maximally, skin of the lower lid is wrinkled and bulged maximally as it is drawn onto the eyeball, and skin is drawn towards the inner corners, narrowing the angle at the tear duct, sufficient to score 7E. The lip corners are angled up slightly and the trace oblique upward movement of skin in the lower nasolabial area (not confined to the medial furrow area due to 6), sufficient for 12A (almost B).
example	video 46	/mnt/Manual/Examples/Video/QT/AU46.mov	L6B+7B+L46 / 4C+5D / 5D+7D / 1D+4D+7A+38D / 1E+2E+38C / 1D+2D+4D+7A+38D+2E+5E+38B / 6D+7E+43E / 7C+43E / 9E+17B+25B / T / i / m / p / n / c / s / e / d / k / w / b / a	The left eye closes with a distinct pause, as though deliberate, but less than two seconds. This action is L46. Additional actions also occur, beyond the closure of the eyelid needed to produce the 46. The infraorbital triangle on the left is raised slightly, pulling up skin of the left lip and deepening the nasolabial furrow, slight crow’s feet on the left appear, and the left outer eyebrow is lowered, sufficient evidence to score 6B. The action of AU 7 should not be scored if the eye simply closes, but the right eye shows slight raising, wrinkling, and bulging of the lower eyelid, slight narrowing of the eye aperture, and lowering of the upper lid, indicating 7B. The action of 6 hides what 7 may occur on the left, but since what can be seen is consistent with 7, it is scored bilateral. As mentioned in the text, AU 4 is present from the beginning, and increases somewhat, as shown by the increasing vertical wrinkles between the eyebrows. The action of 4 draws the brows markedly together, producing marked vertical wrinkles between the eyebrows, and lowers the eyebrows slightly, sufficient to score 4C. The raising of the upper eyelid clearly exposes severely more sclera around the iris, but now much is exposed at the top of the iris is obscured by the 4 pushing down on the eye cover fold, and this opposition affects the line of eye cover fold extremely. The harsh stare is severe. This evidence is sufficient to score 5D, using guidelines for 5 in the 4+5 description. In this example, 7 acts first, then 5, so that the effects of each action are seen relatively separately. The narrowing of the eye aperture is severe, lifting, straightening, and bulging of the lower eyelid are severe to extreme, the upper eyelid lowers, and skin is pulled towards the eye corners. This evidence is sufficient to score 7D, using guidelines for 7 in the 5+7 description. The pulling up of the upper eyelid is severe to extreme, hidden partly by the eye cover fold, as extremely more sclera is revealed around the iris, sufficient to score 5D. The medial parts of the eyebrows are pulled up severely, producing extreme horizontal wrinkles in the center of the forehead, sufficient to score 1D. The eyebrows are also pulled together severely, forming severe vertical wrinkles and bulges between the eyebrows, sufficient to score 4D, using guidelines in the 1+4 description. Note how the centers of the eyebrows are pulled down as the inner corners are pulled up, serving to straighten them in the characteristic sloping shape of 1+4. The trace of lifting and straightening of the lower eyelid, trace movement of skin up and towards the eye corners is sufficient to score 7A. The extreme flaring and thinning of the nostrils is sufficient to score 38D. 415 The entire brow is raised maximally, with maximal exposure of the eye cover fold and maximum horizontal wrinkling across the forehead. The raising due to 1 is about the same as due to 2, so 1E+2E is scored. Notice that the maximal lifting of the brow stretches skin at the sides of the eyes and the upper lateral cheek area a bit. Pro- nounced flaring and thinning of the nostrils is sufficient to score 38C in a motion record. In this example, the brow is lifted first, then the eyebrows are drawn together. The lifting of the entire brow is extreme and the pulling together is severe, with severe straightening of the eyebrows. In this example, the actions of the different AUs seem roughly similar in intensity. This evidence is sufficient to score 1D+2D+4D. Notice the corrugated shape that the horizontal wrinkles take on when the 4 acts and the bulging in the center of the forehead. Trace narrowing of the eye aperture, trace lifting up of the lower eyelid, and pulling down of the upper lid is sufficient evidence to score 7A. The extreme flaring and thinning of the nostrils is sufficient to score 38D. In this item, the brows raise first, then the eyes open wide. The entire brow is raised maximally, with maximal exposure of the eye cover fold and maximum horizontal wrinkling across the forehead. The raising due to 1 is about the same as due to 2, so 1E+2E is scored, just as in video example 1+2 above. The upper eyelid is raised maximally, revealing maximum sclera above the iris, sufficient to score 5E. Again, the lower eyelid is stretched up by the maximum 5, but no other evidence of 7 appears. The nostrils thin and flare markedly, sufficient to score 38B in a motion record. This item shows the eyes closed, first adding a 6+7, then only 7. The eyes closed is scored 43E, and the two different events are notated separately, disregarding complexities of event scoring. First, the infraorbital triangle is raised severely and severe crow’s feet wrinkles appear, sufficient to score 6D. Also, the eyelids are squeezed together maximally and skin is moved upwards in the lower lid and towards the inner corners of the eyes, sufficient to score 7E. Next, the eyelids are squeezed together markedly and marked skin in the lower lid is lifted and moved towards the eye corners, sufficient to score 7C. During a transfer, the film transport shifted the picture, making this action difficult to see. 416 he nose wrinkling is maximum; the skin on the bridge of the nose s drawn upwards, lifting the nasal wings straight up, raising the edial infraorbital triangle maximally, and deepening the upper art of the nasolabial furrow extremely as the upper lip is drawn up arkedly. Maximum horizontal wrinkles form at the root of the ose, and the inner corners of the eyebrows are drawn down. The nfraorbital furrow is deepened maximally. This evidence is suffiient to score 9E. Narrowing of the eye aperture is severe; raising, traightening, bulging, and wrinkling of the lower lid are severe to xtreme, sufficient to score 7D. AU 6 is not scored because the rawing down of the inner eyebrow corners is due to 9, the wrinling of the lower lids is due to 7, and there are no crow’s feet rinkles or other evidence of 6. Before the lips separate, the chin oss moves up slightly and slight wrinkles form on the chin and hin boss, sufficient to score 17B. The separation of the lips is bout 2mm or 25B.
example	video 10	/mnt/Manual/Examples/Video/QT/AU10.mov	10E+25C / T / n / f / w / t / e / p	he upper lip is raised to maximum, maximally deepening the asolabial furrow and bulging the medial infraorbital triangle, orming a maximum characteristic 10 pouch behind the nostril ings. This evidence is sufficient for 10E. Although the raising of he medial infraorbital triangle by 10 has pushed skin up below the yes, deepening the infraorbital furrow, no other sign of 7 appears. he extent of lip separation beyond the 2mm guideline for 25B is ronounced, so 25C is scored.
example	video 17	/mnt/Manual/Examples/s17.gif	17E / T / m / b	he chin boss shows maximum wrinkling as it is pushed up maxially, and the lower lip is pushed up and out severely, with severe ulging under the lips, sufficient evidence to score 17E.
example	video 15	/mnt/Manual/Examples/Video/QT/AU15.mov	15D / P / i / a / 1 / n / 6D+20C+25C / 16C+25A / 9E+16E+25E / 0D+16D+25E / 7C+9D+17E / 10D+15D / 10E+17D / 15E+17D / 10D+15D+17D	ulling down of the lip corners is severe, the angled down nverted-U shape is present, and the bagging and wrinkling beyond nd below the lip corners is severe, sufficient evidence to score 5D. Notice how 15 extends the lip line as a thin crease as the corers are pulled down. 417 This item starts with a crack between the lips, adds a strong AU 16 that separates the lips more, and in the last 20% of the clip adds a moderate AU 20 that alters the example of 16 alone. The pulling down of the lower lip and skin below it is extreme, the pulling down of the chin boss is severe, producing a flattened chin boss, sufficient to score 16D. Just as the 16 reaches its highest intensity, the lips are stretched laterally markedly, flattening the lips and producing pronounced wrinkles and bulges beyond the lip corners, and markedly flattening the cheeks, sufficient to score 20C. The beginning of the AU 20 is obvious, so make sure you can see the difference between 16 and 16+20, especially how the skin of the lower lip and chin is pulled laterally by each AU. The lips are separated markedly more than the 2mm guideline for 25B, or 25C. The pulling down of the lower lip, downwards and lateral movement of skin in and below the lip, and downward movement of the chin boss are marked, sufficient to score 16C (barely). The lips separate only a crack at the end, or 25A, illustrating that significant action of 16 occurs before the lips part in some people. This item starts with AU 9, then the 16 is added. The nose wrinkling, raising of the medial infraorbital triangle, and deepening of the infraorbital furrow are maximum, sufficient to score 9E. Other signs of AU 9 are similar to those in the description of video 9. Narrowing of the eye aperture is severe; raising, straightening, bulging, and wrinkling of the lower lid are extreme, sufficient to score 7D. The pulling down of the lower lip and chin boss is maximum, downwards and lateral movement of skin in the lip and chin is maximum, with maximum flattening of the chin, sufficient to score 16E. The lips are separated maximally more than the 2mm guideline for 25, or 25E. This item starts with AU 10, then the 16 is added. The characteristic 10 pouch, raising of the upper lip, angular bend to the upper lip, pushing up of the medial infraorbital triangle, deepening of the nasolabial furrow are all severe to extreme, sufficient for 10D. The downward pull of the lower lip and chin boss, downward and lateral movement of the skin of the chin and lip, and flattening of the chin are all severe to maximum, sufficient to score 16D. The lips are separated extremely more than the 2mm guideline for 25, or 25E. This item starts with AU 9, then the 17 is added. The nose wrinkling, raising of the medial infraorbital triangle, and deepening of the infraorbital furrow are severe to extreme, sufficient to score 9D. Other signs of AU 9 are similar to those in the description of video 9. Narrowing of the eye aperture, raising, straightening, bulging, and wrinkling of the lower lid are pronounced, sufficient to score 7C. The chin boss shows maximum wrinkling as it is pushed up maximally, and the lower lip is pushed up maximally and out severely, with severe bulging under the lips, sufficient evidence to score 17E. 418 This item and the next four illustrate various combinations of 10, 15, and 17. The severe pulling down of the lip corners, angled down lip corners and inverted-U lip shape, and severe wrinkling and bagging beyond and below the lip corners is sufficient to score 15D using the guidelines for 15 in 10+15 combinations. The pronounced raise of the upper lip, the severe raising of the medial part of the infraorbital triangle, severe deepening of the nasolabial furrow, and the severe characteristic 10 pouch indicate 10D. Notice how the pulling down of the lip corners stretches the nasolabial furrow into a more straightened shape than, for example, in the item below. This example starts with 17, adding a 10. Severe wrinkling of the chin boss, extreme pushing up of the chin and lower lip, severe bulging under the lip is sufficient to score 17D. The near maximum raise of the upper lip, the extreme raising of the medial part of the infraorbital triangle, maximum deepening of the nasolabial furrow, and maximum characteristic 10 pouch indicate 10E. This example starts with 17, then adds a 15. Severe wrinkling of the chin boss, extreme pushing up of the chin and lower lip, severe bulging under the lip is sufficient to score 17D, similar to the previous example. The maximum pulling down of the lip corners, inverted-U lip shape, and maximum wrinkling and bagging beyond and below the lip corners indicate 15E, using the guidelines for 15 in 15+17 combinations. This example starts with 17, adding a 15, then 17. Severe wrinkling of the chin boss, extreme pushing up of the chin and lower lip, severe bulging under the lip is sufficient to score 17D, similar to the previous example. The 15 is a little less intense than the previous example; extreme pulling down of the lip corners, inverted-U shape, and extreme wrinkling and bagging beyond and below the lip corners are sufficient for a D intensity, using the guidelines for 15 in 15+17 combinations. The additional raise of the upper lip, the severe raising of the medial part of the infraorbital triangle, severe deepening of the nasolabial furrow, and extreme characteristic 10 pouch indicate 10D.
example	video 20	/mnt/Manual/Examples/Video/QT/AU20.mov	20D+21C+38B	The lateral pulling of the lip corners is extreme, stretching and flattening the lips and severely elongating the mouth, producing severe wrinkles and bulging beyond the lip corners, flattening the cheeks extremely, and stretching the skin on the chin. This evidence indicates 20D. The stretching, wrinkling, and bulging at the sides of the neck is severe, enough to move the shirt collar, with pronounced bulging at the front of the neck, indicating 21C. Marked nostril flaring and thinning is sufficient for 38B. The lips on the right corner might be separated in a trace crack at the end of the event, but it is not certain enough to score R25A. 419
example	video 14	/mnt/Manual/Examples/s14.gif	14D / 20C+21C+25D+26D / 20C+21C+25C+27D / 0D+14D+17A / 14D+17D / 10E+20D+21B+25C / 16D+20C+21A+25C	The lip corners are severely to extremely tightened, and the wrinkling and bulging as skin is pulled inwards around the lip corners is extreme, sufficient evidence for 14D. Notice the dimples forming in the cheeks, stretching of skin of the chin, and deepening of the nasolabial furrow. This example starts with the jaw already dropped and the lips separated, then 20 is added. Since the movement of the jaw drop is not available and its extent is not greater than that caused by relaxation, it must be scored 26, and the drop is severe to extreme for a 26, or 26D. When the 20 acts, the lip parting is slightly to markedly more than from the jaw drop alone, or 25D. The lateral stretching of the lips is pronounced, with pronounced elongation of the mouth, flattening of the cheeks, and stretching of skin on the chin, or 20C. The stretching, wrinkling, and bulging at the sides of the neck is severe, with pronounced bulging at the front of the neck, indicating 21C. This example starts with the jaw already stretched open, then 20 is added. The jaw is lowered severely more than what relaxation alone could do, so this lowering must be scored 27D. The lips are separated about as much as the jaw lowering can produce, and the separation does not change more than a trace as the 20 is added, or 25C. The lateral stretching of the lips is pronounced, with pronounced elongation of the mouth, flattening of the cheeks, and stretching of skin on the chin, or 20C. Similar to the previous example, the neck bulging and stretching is sufficient to score 21C. This example begins with a 10 and then adds 14. The severe characteristic 10 pouch, pronounced raising of the upper lip, pulling up of the medial infraorbital triangle, and deepening of the nasolabial furrow is sufficient to score 10D. As the upper lip moves up, the chin wrinkles slightly and the chin boss moves up a trace, pushing the lips up just enough to keep them together. This is sufficient to score 17A, using the guidelines for 17 in 14+17 combinations. When the 14 acts, the 17 disappears. The lips are tightened and drawn in severely with severe wrinkling and bulging at the lip corners, and the lips stretch laterally, sufficient evidence to score 14D. Notice that the angular lip shape due to 10 is diminished as 14 acts. In this example, the 17 appears first, followed by the 14. Severe wrinkling of the chin boss, severe pushing up of the chin and lower lip, severe bulging under the lip is sufficient to score 17D. As the 17 is fully acting before the 14, it can be scored separately from the 14, but notice how the 14 enhances the definition of the chin boss and smooths some chin wrinkles caused by 17 by stretching skin in the chin. The severe tightening of the lip corners, and the extreme wrinkling and bulging around the lip corners is sufficient evidence for 14D. Other evidence of 14 is similar to video 14. Notice how the inverted-U lip line is straightened when the 14 acts. 420 This example begins with a 10 then adds a 20. The extreme raising of the upper lip, raising of the medial part of the infraorbital triangle, deepening of the nasolabial furrow, and characteristic 10 pouch indicate 10E. The lateral pulling of the lip corners is extreme, stretching and flattening the lips and severely elongating the mouth, producing severe wrinkles and bulging beyond the lip corners, flattening the cheeks extremely, and stretching the skin on the chin. This evidence indicates 20D. The separation of the lips is markedly more than the 2mm guideline, or 25C The stretching, wrinkling, and bulging at the sides of the neck is pronounced, with pronounced bulging at the front of the neck, indicating 21B. This example first shows the 20, then adds the 16. Pronounced lateral stretching of the lips and elongation of the mouth, marked flattening of the cheeks, and slight stretching of skin on the chin is sufficient to score 20C. The pulling down of the lower lip and skin below it is extreme, the pulling down of the chin boss is extreme, producing a severely flattened chin boss, sufficient to score 16D. The separation of the lips is markedly more than the 2mm guideline, or 25C Compare this item to video 16+25, where the 16 leads, then 20 is added. Slight wrinkling and bulging, especially on the sides of the neck, is sufficient to score 21A.
example	video 11	/mnt/Manual/Examples/s11.gif	11B+12A+38D	The slight deepening of the middle part of the nasolabial furrow, especially on the right, the slight oblique lifting of the skin of the upper lip midway between the corners and the philtrum, and puffing out of the medial upper part of the infraorbital triangle are sufficient to score 11B. AU 11 is very difficult to do without other actions, and this example contains a trace of 12, shown in the trace upward turn of the lip corners and trace oblique movement of the skin in the lower nasolabial furrow area. AU 11 does not pull the lip corners up as in this example, but pulls more medial to the corners (see image 11). Extreme flaring and thinning of the nostrils is sufficient to score 38D.
example	video 12i	/mnt/Manual/Examples/s12x.gif	12D+25B / 6C+7E+12C+17A	Severe raising upwards and obliquely of skin in the lower to middle parts of the nasolabial furrow, the severe to extreme deepening of the nasolabial furrow, the severe raise of the infraorbital triangle, and the pronounced stretching of the lip corners upwards and obliquely is sufficient to score AU 12D. At the very end of this event, the lips separate just barely enough to see the teeth, or 25B. Notice that this example shows how a strong 12 can push skin up below the lower eyelid, forming some bagging, deepening the infraorbital furrow, and narrowing the eye aperture. As the 12 jumps to its greatest intensity at the very end of this item, there is evidence in the right eye of more raising of the lower eyelid, narrowing, and bulging than 12 might produce, suggesting a score of R7, but the uncertainty about this score argues for its omission. 421 In this example, a trace of 12 is already present at the beginning, and the 6+12 on the left side acts first. Marked raising and angling up obliquely of the corners of the lips, marked deepening of the nasolabial furrow and marked raising obliquely, and severe infraorbital triangle raise is sufficient for 12C. Marked crow’s feet wrinkles appear, with marked lowering of the eye cover fold and outer eyebrow, sufficient to score 6C. The lower eyelids are pulled up onto the eyeballs maximally, with maximum straightening and tensing, and narrowing of the eye aperture, with skin drawn towards the inner corners, sufficient for 7E. The 7 leads the 6, allowing easy detection. Trace wrinkling on the chin and trace lifting of the chin boss is sufficient to score 17A.
example	video 13	/mnt/Manual/Examples/Video/QT/AU13.mov	13C	The raising and puffing out of the cheeks is pronounced, and the pulling up of the lip corners at a very sharp angle is pronounced, sufficient evidence for 13C. Notice how narrowed and tightened the lip corners appear and the deepened infraorbital furrow and nasolabial furrow. Some skin is pushed up below the eye by 13, but 7 is not scored.
example	video 12ii	/mnt/Manual/Examples/Video/QT/AU12only.mov	12D / 7C+12D / 6D+12D / 6E+7C+12E / 10D+12D+25C / 12D+16E+25C / 10D+12D	This item and the next three are a series that illustrates combinations of 6 and 7 with 12. The corners of this person’s mouth are normally angled down, and his 12 stretches them obliquely more than it angles them up. The lip corners are obliquely raised and stretched, the infraorbital triangle raises, and the lip corners are raised and stretched, all severely, or 12D. Notice how skin below the eyes is bagged and wrinkled by the 12, but the eye aperture of this person is not affected. Slight crow’s feet wrinkling can be seen at the outer top of the infraorbital triangle, below the outer eye corners. Wrinkling and bulging beyond the lip corners is severe. This example combines the 7 shown in video 7ii with the 12 in the last item. The 12 is scored at the D intensity, similar to the previous item. The narrowing of the eye aperture, raising of the lower eyelid, and straightening, wrinkling, bulging, and pouching of the lower eyelid are all marked to pronounced, or7C. Notice skin being drawn to the inner corners of the eyes, the lowering of the upper eyelid (which allows the eye cover fold on this person to lower), the narrowing of the eye aperture, and raising of the lower lid, none of which occur in 12 alone on this person. The crow’s toes make it harder to distinguish the actions in this example from those in the next, but these wrinkles are a product of 7 only. This example combines a 6, as in video 6, with a 12, as in last two items, i.e., 12D. There are extreme crow’s feet wrinkles and raising of the infraorbital triangle. Unlike video 12ii, the crow’s feet here are more extensive and deepened, with those above the outer eye corners particularly relevant to detecting 6, and wrinkling of the eye cover fold is visible under the outer eyebrows. Looking closely at the eye corners and in the area of the infraorbital furrow, the outer band of eye sphincter muscle can be discerned as it contracts. This evidence is sufficient to score 6D The crow’s feet are also unlike the crow’s toes in video 7+12, extending into the temple and cheek. The lower eyelid is pushed, not drawn, up onto the eyeball, and only a little;.the upper lid does not lower. 422 The lip corners are obliquely raised and stretched extremely, the infraorbital triangle raises maximally, and the lip corners are raised and stretched extremely to maximally, or 12E. The maximal crow’s feet wrinkling, infraorbital triangle raise, extreme eye cover fold changes are sufficient for 6E. Narrowing of the eye aperture, raising and straightening of the lower lid, wrinkling, bulging, and pouching of the lower lid are marked to pronounced, or 7C. Even though their appearance changes overlap, each of the AUs can be identified from independent evidence, 12 from its effects on the lips and lower-middle nasolabial area; 6 from its effects at the outer corner of the eyebrow, the eye cover fold, under the eye; 7 from its effects on the upper and lower lid and the inner eye corner. This item shows AU 10 already on the face as it begins, so it can be scored independently of 12. The severe characteristic 10 pouch, lifting of the upper lip, and deepening of the upper part of the nasolabial furrow indicate 10 at the D intensity. The severe raising and oblique stretching of the lips and lip corners, raising of the lateral parts of the infraorbital triangle, and deepening of the lower infraorbital furrow indicate 12 at the D intensity. The separation of the lips beyond the 2mm guideline for 25B is marked or 25C. Note that the 10 remains about the same intensity throughout, but by the time 12 reaches the D intensity, the 10 is hidden, and would not be seen or scored if the 10+12 occurred synchronously. AU 12 is already on the face as the example begins, AU 16 is added, and the 12 increases. The entire front teeth, roots, and much of the gum are exposed as the lower lip is lowered maximally, the skin on the chin is pulled down and somewhat laterally maximally, showing wrinkling and stretching in the skin of the chin, and the compromise shape between 16 and 12 is obvious, sufficient for 16E using the guidelines for 16 in 12+16 combinations. The 12 increases to severe raising and stretching of the lip corners, infraorbital triangle raise, and deepening of the infraorbital furrow, or 12D. The increase over the 2mm lip separation is pronounced or 25C. Note the absence of signs of 6 that cannot be attributed to 12. AU 10 is already on the face as the example begins, 16 and then 12
example	10+12+16+25	/mnt/Manual/Examples/Video/QT/AU101216.mov	16D+25E / 12D+25C+26C / 2D+25C+27D / 12C+17E / 12C+15C / 6D+7E+15C / 7B+12C+15C+17D	are added. AU 10 stays about the same intensity throughout, with the severe 10 pouch, extreme upper lip raise, and deepened nasolabial furrow indicating the D intensity. The lowering of the lower lip is extreme, with extreme pulling down of the skin of the chin, or 16D. Since 16 occurs before 12, the modified guidelines for 16 in 12+16 are not used, and compared with the previous item, this 16 is not as intense. Oblique lip stretching, infraorbital triangle raise, and infraorbital furrow deepening and movement are severe to extreme, or 12D. As the 12 is added to the 10+16, you can see the compromise shapes for both the upper and lower lips emerge. The separation of the lips is maximum for the closed jaw, or 25E. This example begins with the jaw dropped to about half the extent to which 26 alone might allow it, or 26C. To this 26 is added severe oblique upward stretching of the lip corners, severe infraorbital triangle raising, severe oblique movement in the lower-middle infraorbital furrow area, and other signs indicating 12D. Notice that both the upper and lower lips are raised by the 12, resulting in no more than a trace different from the lip separation caused by the jaw drop, or 25C. 423 This example begins with the jaw stretched open far beyond what relaxing might produce, not nearly as far as it might be, but severely to extremely beyond what 26 can do, or 27D. To this stretched jaw is added a 12D, evidenced in the extremely obliquely retracted lip corners, severely raised infraorbital triangle, and severe furrow deepening and oblique movement of skin in the lower nasolabial furrow area. The lip separation does not change more than a trace of what might be expected from the jaw lowering, or 25C. Of particular note here is the different shape of the lip corners from either 27 alone or 12 alone. This example begins with 12 already on the face, evidenced by upturned lip corners, skin in the lower-middle nasolabial area drawn obliquely, deepened nasolabial furrow, and raised infraorbital triangle, all marked to severe, or 12C. The modified guidelines for 12 in 12+17 combinations is not needed as the 12 is independent of the 17. AU 17 produces maximum wrinkling in the chin boss and skin, maximum pushing up of the chin boss and lower lip, and other signs of 17 at the E intensity. Notice how the addition of the 17 straightens the lip shape and narrows the lips. This example begins with 12C already on the face, much as in the previous item. The addition of the 15 significantly changes the appearance of the lips and lower nasolabial area due to 12 into a configuration characteristic of the 12+15 combination. In this item, it is easy to shortcut the scoring guidelines for combinations of 6, 12, 15, and 17 because only 12 is on the face from the beginning, and only 15 appears later. The revised guidelines for 12 are not needed because it occurs independently. The 15 shows marked downward movement, or 15C. This example begins with 15 already present, the pronounced downturned lip corners and bagging below the lips indicating the C intensity. As in video 6+12i, the addition of 6/7 begins on the left. The crow’s feet wrinkles, infraorbital triangle raise, narrowing of the eye aperture, and changes in the eye cover fold are all severe to extreme, or 6D, using the guidelines for 6 with 12. The pulling up of the lower lid onto the eyeball, wrinkling and bulging, lowering of the upper lid, narrowing of the eye aperture, are all near maximum, with severe tensing, or 7E. Again, 12C is present on the face as the example begins. Pro- nounced downturned lip corners and bagging below the lips indicating 15C. The severe wrinkling on the chin boss and skin of the chin and upward push of the chin boss and lower lip indicate 17D. The marked narrowing of the eye aperture, pulling up of the lower lid, and bulging of the lower lid indicated 7B which is on the face from the beginning. 424
example	video 18	/mnt/Manual/Examples/Video/QT/AU18.mov	18E / T / t / a / r / 22E+25D / i / p / d / m	he corners of the mouth are pulled maximally towards the philrum, puckering and protruding the mouth, de-elongating the lips nd mouth maximally, forming extreme wrinkles in the skin and ed parts of the lips. This is evidence sufficient to score 18E. he lips funnel, turn outward, and thrust forward maximally, pullng the corners towards the philtrum, exposing extremely more red arts, the teeth, and gums, and the chin boss is flattened. This evience is sufficient to score 22E. The 22 separates the lips severely ore than the criteria for 25B, or 25D.
example	video 23	/mnt/Manual/Examples/s23.gif	23E+38D / M / k / a / i	aximum tightening of the lips, narrowing of the red parts, wrinling and bulging around the margins of the red parts of both lips re sufficient to score 23E. The extreme nostril flaring and thinning ndicates 38D.
example	video 24	/mnt/Manual/Examples/s24.gif	24C+38C / T / a / 2	he lips are markedly pressed together, markedly bulging skin bove and below the red parts, with slight narrowing of the lips nd wrinkling above the upper lip. This evidence is sufficient for 4C. The pronounced nostril flaring and thinning indicates 38C.
example	video 28	/mnt/Manual/Examples/s28.gif	26C+28B / T / j / l / 10E+16B+23D+25D / 0D+22E+25D / 2C+23E+38C / 12C+24C / 14D+23E / 15D+17D+23D+38C / 17C+23D / 17D+24C / 12D+17D+23D / 10E+17E+23D / 8E+23E+38D / 5C+23E+38C / 16B+23E	he lips are rolled into the mouth over the teeth and the red parts ust disappear, and there is severe stretching of the upper and lower ip as skin is pulled into the mouth, sufficient to score 28B. The aw is dropped enough to fit the lips between them, or 26C. 425 This example shows 10 first, then 23, making it easy to see the actions. Maximum raise of the upper lip, maximum deepening of the nasolabial furrow and bulging of the medial infraorbital triangle, and maximum characteristic 10 pouch behind the nostril wings indicates 10E. Extreme tightening of the lips, severe wrinkling and bulging at the margins of the red parts, and extreme narrowing and turning in are sufficient for 23D. Skin on the chin is pulled slightly down and sideways forming wrinkles under the chin boss, and the lip is pulled down slightly, indicating 16B (compare to video 23 which has no 16). The lips are separated severely beyond the guidelines for B, or 25D. This example begins with 22 already on the face, then adds 10. The 22 seen from the beginning is similar to that in video 22+25 above, or 22E. The lips then raise extremely, the 10 pouch becomes severe, the nasolabial furrow deepens and the infraorbital triangle raises, sufficient for 10D. The lips are separated severely beyond the guidelines for B, or 25D. In this example, the nostrils may have flared and the skin of the chin may have moved down before the item begins, but without seeing the movement, the evidence is too slim to score 38 or 16. This example begins with 12 already on the face, showing pronounced upward turn of the lips, marked infraorbital triangle raise, marked nasolabial furrow deepening, and other evidence of the C intensity. Then, the lips tighten maximally, with maximum turning in and narrowing, and extreme wrinkling and bulging at the margins of the red parts, sufficient to score 23E. The pronounced nostril flaring and thinning indicates 38C The oblique raise of the lip corners is pronounced, raise of the infraorbital triangle is marked, deepening and movement of the nasolabial furrow is pronounced, producing U-shaped lips, sufficient evidence to score 12C. The lips press together, flatten, and thin markedly, with marked bulging above and below the lips, indicating 24C, using the guidelines for 24 in 12+24 combinations. This example begins with 23 already present, showing maximum tightening, narrowing, wrinkling and bulging, similar to that in video 23, or 23E. The corners of the lips then move laterally markedly, and severe wrinkling, dimpling, and bulging appear at the lip corners as they are tightened severely, indicating 14D. 426 This example begins with 15 already on the face, 17 is acting as the video starts, and the 23 is added. The lip corners are pulled down severely to extremely with severe bulging and wrinkling below the lip corners, sufficient to score 15D. The pushing up of the chin boss and wrinkling of the chin are severe, or 17D. Severe to extreme tightening of the lips, turning-in of the red parts, and bulging and wrinkling at the margins of the reds parts are sufficient to score 23D. Pronounced flaring and thinning of the nostrils indicates 38C. The upward movement of the chin boss is pronounced, pushing the skin of the chin up markedly, with marked wrinkling on the chin and chin boss, sufficient to score 17C. The lips show severe tightening and narrowing, and they turn-in severely, not bulging out, indicating 23D, using the guidelines for 23 in 17+23 combinations. The chin boss pushes up extremely, pushing up the lower lip severely, and creating severe wrinkles on the chin boss and chin, sufficient to score 17D. The lips then press together markedly, creating marked narrowing of the lips, pronounced de-elongation, and pronounced bulging above the lips, sufficient to score 24C. (The 17 appears to diminish in intensity to C as the 24 is added.) Notice that the red parts of the lips tend to push out in 17+24, rather than turn-in as in 17+23. This example begins with 12 already on the face, then adds 17+23. The severe oblique raise of skin in the lower-middle nasolabial area, severe angling up of the lip corners, severe infraorbital triangle raise, extremely deepened nasolabial furrow indicate the D intensity of 12. Modified guidelines for 12 in 12+17 are not appropriate as the 12 is independent of the 17. The severe pushing up of the chin boss and lip and severe chin wrinkling indicate 17D. The severe narrowing and turning-in of the red parts of the lips beyond the 12+17, the severe bulging at the lip margins, and the severe tightening of the lips indicate 23D using guidelines for 23 in 12+17+23. Notice the difference in lip tightening and bulging between this item and video 12+17. This example first shows a 10+17, then adds the 23. Maximum upper lip raise, maximum deepening of the nasolabial furrow and bulging of the medial infraorbital triangle, and maximum characteristic 10 pouch indicates 10E. Maximum pushing up of the chin boss, wrinkling on chin and chin boss, and pushing up of the lower lip indicate 17E. Notice that the 17 increases to E as the 23 is added. Extreme tightening and turning-in of the red parts of the lips, severe bulging below the lower lip and wrinkling at the margins of the lips indicate 23D. 427 This example shows maximum de-elongation of the lips (given the tightening), maximum tightening of the lips, maximum narrowing of the red parts, maximum wrinkling and bulging around the margins of the red parts of both lips. Other signs of both 18 and 23 are evident. Using the modified guidelines for scoring 18+23 this evidence is sufficient to score 18E+23E. The extreme nostril flaring and thinning indicates 38D. Appearing first in this example are pronounced downturned lip corners, marked stretched and thinned lip corners, the inverted-U shape, and marked bulging and wrinkling at and below the lip corners, sufficient to score 15C. The lips then tighten maximally, thin and turn-in maximally, forming maximum wrinkles and bulges around the lips, indicating 23E. The pronounced nostril flaring and thinning indicates 38C. This example begins with jaw lowering already complete, within
example	2	/mnt/Manual/Examples/s2.gif	5C+26D+38C / 16C+22D / 3D+25D+38C / 20D+23E+25C+38D / 16C+20C+22D+25C / 16C+23D+25C+38C / 8B+25B+26C	the range that can be attributed to 26. This lowering is severe, so 26D is scored, and creates the 25C. The red parts of the lips tighten, thin, and turn-in maximally, showing maximum wrinkling at their margins, sufficient to score 23E. The severe nostril flaring and thinning indicates 38C. Just before the 23 acts, the lower lip is pulled down markedly, the chin boss moves down slightly, and the skin of the chin and lip moves down and laterally slightly, indicating 16B. This 16 is maintained throughout the remainder as seen in the wrinkling on the chin. Often, 23 alone lowers the lower lip, revealing more teeth and gum, but here 16 is acting as well. A number of AUs are already on the face as this example begins, then 23 is added. The pronounced pulling down and somewhat sideways of the skin of the lower lip, as shown in the marked wrinkles at the bottom of the chin, the pulled down chin boss, the stretched skin of the lip and chin, indicates 16C (compare these clues to those in videos 16+22+25 and 16+23+25). The extremely funneled out lips that are thrust severely forward indicate 22D. The red parts of the lips turn-in, narrow, and tighten severely to extremely, showing some of the wrinkling typical of 23, sufficient to score 23D. As the 22 is independent of the 23, the modified guidelines for 22+23+25 are not appropriate, but the scoring would be the same. The part of the lips is severely more than the 2mm guideline for 25B, or 25D. Severe nostril flaring indicates 38C. This example begins with 20+25 already acting, then 23+38 is added. The mouth is stretched laterally and elongated severely, with severe wrinkling and bulging beyond the lip corners and flattening of the cheeks, sufficient to score 20D. The tightening, turning-in, and narrowing of the red parts of the lips is maximum, with extreme wrinkling and bulging at their margins, and other signs of 23 sufficient to score the E intensity. The parting of the lips beyond the 2mm guideline for 25B is marked, or 25C. Extreme nostril flaring and thinning indicates 38D. 428 Some AUs are already present at the beginning of this example, then 20 is added. AU 16 pulls the lower lip down and skin of the lip down and to the side markedly, creating stretched and wrinkled skin on the chin, sufficient to score 16C. The lips are thrust forward and funneled out severely to extremely, sufficient for 22D. The part of the lips beyond the 2mm guideline is pronounced, or 25C. The lips and skin at the corners of the lips are then stretched laterally pronouncedly, and there is marked flattening of the cheeks and additional wrinkling beyond the lip corners, sufficient to score 20C. Notice that the upper lip is constrained by the 22 from lateral movement by the 20. The pronounced pulling down of the lower lip, pronounced downward movement of the chin boss and down and lateral movement of the skin in the chin, and the flattening of the chin boss indicate 16C. After the 16, the red parts of the lips tighten, turn-in, and narrow severely to extremely, showing severe wrinkles around the margins, sufficient for 23D. The parting of the lips beyond the 2mm guideline for 25B is marked, or 25C. Severe nostril flaring indicates 38C. This example begins with the jaw dropped about half of the extent that relaxation might produce, or 26C, and the lips are separated to about the degree that 26 alone produces. The lips then move towards each other in an action that would press them if they were together. This movement is slight, or 8B, and brings the lips slightly closer together than the part created by the 26, or 25B.
example	video 19	/mnt/Manual/Examples/Video/QT/AD19.mov	19B+25C+26D	The tongue definitely protrudes beyond the inner margins of the red parts of the lips, almost to the outer margins of the red parts, or a trace beyond the guidelines for 19B. The jaw drops only enough to let the tongue through, and the drop is slow, or 26D. The lips part as much as might be expected from the jaw lowering, or 25C.
example	video 21	/mnt/Manual/Examples/s21.gif	21E	Maximum tightening of the neck and wrinkling and bulging of the skin of the neck on the sides and in front, mostly running down the neck, is sufficient to score 21E. 429
example	video 29	/mnt/Manual/Examples/s29.gif	26A+29D+R25A+L30D	In this motion record, 29D is scored because the jaw can be seen to move forward extremely. The jaw also lowers slowly a bit, which is better seen as the jaw returns to neutral, but it does not meet the “marked” guidelines for 26B, so it is scored 26A. There are changes in the appearance of the neck, but they do not indicate AU 21. There are also trace changes in the skin of the chin, but they are not definitive of AU 17 or any other AU. The jaw moves to the left severely to extremely, or L30D. Trace wrinkling and trace upward movement of the chin boss and chin skin, especially on the right, is sufficient to score 17A. The lips definitely part only on the right side, but not enough to meet the 2mm guideline, or R25A. The jaw does not appear to drop, nor can a return to closed be detected, so 26 is not scored.
example	video 31	/mnt/Manual/Examples/Video/QT/AD31.mov	31E	Maximum bulging at the back of the jaw indicates 31E. The cheek also shows a slight depression as this muscle acts. AU 31 is easy to overlook if you do not examine the back of the mandible during scoring.
example	video 32	/mnt/Manual/Examples/Video/QT/AD32.mov	10B+17B+B28B+32E	The teeth clearly bite the lower lip, and as nearly all of it is engaged, 32E is scored. To get the lip into a position to be bitten, 17 and 28 act. The slight chin wrinkling and upward movement of chin boss and skin indicate 17B. The 28 rolls the lower lip into the mouth, but the upper lip is raised by a small 10 so that it only rolls against the upper teeth (note that the upper lip does not show the wrinkling or tightening of a 23). Since the red part of the lower lip disappears, but not much more of the lip, the B intensity is assigned, and B prefix is assigned to indicate this applies only to the lower lip. As the raise of the upper lip, deepening of the nasolabial furrow, and 10 pouch is slight, 10B is scored.
example	video 33	/mnt/Manual/Examples/Video/QT/AD33.mov	25A+33B	The expansion of the cheeks as air is blown through the lips is pronounced, or 33B. The crack between the lips does not meet the guidelines for 25B, so is scored 25A. Note that 25 must be scored with 33. 430
example	video 34	/mnt/Manual/Examples/Video/QT/AD34.mov	17A+34D	The cheeks puff out extremely, or 34D. The lips are held together just enough to keep the air in the mouth, but no signs of either 23 or 24 are present. Trace wrinkles on the chin and trace upward movement of the chin skin and chin boss indicate 17A, which helps hold the lips together.
example	video 35	/mnt/Manual/Examples/s35.gif	17B+26C+35C	The cheeks are sucked in to create a severe depression in the cheeks, or 35C. The jaw drops with 26C. Slight wrinkles on the chin and upward movement of the chin boss and skin on the chin indicate 17B, which keeps the lips together.
example	video 36	/mnt/Manual/Examples/Video/QT/AD36.mov	25C+26D+36C	The jaw drops slowly open severely, enough to let the tongue through the teeth, or 26D. The tongue can clearly be seen to push against the cheek to cause a bulge, although seeing the tongue itself is not a requirement for scoring 36. The bulge is severe, or 36C. The lip parting is consistent with this amount of jaw lowering or 25C.
example	video 37	/mnt/Manual/Examples/Video/QT/AD37.mov	17B+25B+26D+37C+39A / 38D / 39D	The jaw drops slowly, enough to let the tongue through the teeth, or 26D. The tongue wipes a little more than half of both lips, sufficient to score 37C. Slight chin wrinkling and lifting is sufficient to score 17B. The lips part to accommodate the tongue, and briefly near the end, without it, but this parting is slightly to markedly less than what the jaw drop might have produced, or 25B. The nostrils slightly compress and are pulled downward, or 39A. This video begins with a 38, then returns to neutral, followed by a 39. Look carefully at the nostrils to see these actions, and use a magnified view, if needed. The nostril flaring and thinning of the nostril wings are extreme, or 38D. The constriction of the nostrils is severe, or 39D. 431
example	video M68	/mnt/Manual/Examples/Video/QT/M68.mov	14D+M68	Severe tightening of the lip corners, pulling in of the corners, and bulging are sufficient to score 14D. This symmetrical 14 is accompanied by upward eye rolling, or M68.
example	video M69	/mnt/Manual/Examples/Video/QT/M69.mov	4D+5B+M69	In this example, imagine you are the other person in the conversation. The eyebrows are pulled together extremely and down severely, forming severe vertical wrinkles, sufficient to score 4D. The upper eyelid is raised and tensed against the lowered eye cover fold, and the amount of sclera showing is about the same as before, indicating 5B. This 4+5 occurs as the head and eyes turn to look at the other person in the conversation, or M69.
example	video M83	/mnt/Manual/Examples/Video/QT/M83.mov	14D+M83	Severe tightening of the lip corners, pulling in of the corners, and bulging are sufficient to score 14D. This symmetrical 14 is accompanied by head tilting and upward movement, or M83.
example	video M55	/mnt/Manual/Examples/Video/QT/M55.mov	14D+M55 / C+24D+M57 / 17+24 / appears / in / scored / 17C / f / AU / 17 / to / form / nods / up / and / down / two / score / this / or / of / the / lip / corne / ent / 14D / vement / le	Severe inward pulling of the lip corners, extreme tightening of the lip corners, and severe wrinkling and bulging around the lip corners indicate 14D. This symmetrical 14 is accompanied by a head tilt to the left, or M55. Pronounced upward movement of the chin boss and wrinkling on the chin and chin boss indicate 17C. The pressing and narrowing of the lips are severe to extreme, with severe bulging above and below the lips, sufficient to score 24D. Note that this movement of the lips is a pressing one, not a turning-in and tightening one due to 23, and the wrinkling pattern of 23 does not appear. The head thrusts forward with this 17+24, or M57. 432 this example much the same +24D. This pressing counteran inverted-U and straightens with 17+24, or M59. this example much the same d 17C+24D. The head shakes M60. rs, pulling in of the corners, and . This symmetrical 14 is accomft, or M61. 434
